Iteration,TransferIn_ms,Inference_ms,TransferOut_ms,Total_ms
0,0.089613,4.520650,0.120552,4.730815
1,0.088390,3.636311,0.092728,3.817429
2,0.091836,4.011552,0.134919,4.238307
3,0.093029,4.253447,0.101164,4.447640
4,0.090995,5.254489,0.111897,5.457381
5,0.091727,4.056007,0.279237,4.426971
6,0.109510,3.573099,0.412000,4.094609
7,0.147093,4.048163,0.093520,4.288776
8,0.093450,3.701575,0.092408,3.887433
9,0.109730,3.636842,0.091325,3.837897
10,0.091917,3.761791,0.097277,3.950985
11,0.094472,3.744657,0.141111,3.980240
12,0.132835,3.763657,0.162320,4.058812
13,0.231896,3.730743,0.093830,4.056469
14,0.094071,3.757273,0.098539,3.949883
15,0.093450,4.180206,0.092267,4.365923
16,0.092258,3.592235,0.092057,3.776550
17,0.090253,3.591554,0.090795,3.772602
18,0.091336,3.686677,0.094521,3.872534
19,0.088971,3.915627,0.108479,4.113077
20,0.089773,3.571035,0.092608,3.753416
21,0.092037,3.554253,0.089712,3.736002
22,0.093109,3.727636,0.088420,3.909165
23,0.088490,3.740751,0.106164,3.935405
24,0.089151,3.568510,0.089682,3.747343
25,0.088961,3.520607,0.092288,3.701856
26,0.091676,3.555625,0.089021,3.736322
27,0.088750,3.900839,0.129569,4.119158
28,0.095193,4.016000,0.145660,4.256853
29,0.110212,3.710382,0.090665,3.911259
30,0.089292,3.567488,0.089722,3.746502
31,0.105423,3.834852,0.127685,4.067960
32,0.090433,3.897082,0.095614,4.083129
33,0.092077,3.560073,0.088921,3.741071
34,0.088551,3.650858,0.089081,3.828490
35,0.089281,3.806227,0.101846,3.997354
36,0.095584,3.542590,0.089522,3.727696
37,0.088530,3.614067,0.088731,3.791328
38,0.092097,3.578800,0.155679,3.826576
39,0.091637,3.859579,0.109841,4.061057
40,0.089723,3.557088,0.091185,3.737996
41,0.089001,3.595041,0.105953,3.789995
42,0.088660,3.597806,0.089352,3.775818
43,0.088941,3.672970,0.098219,3.860130
44,0.092057,3.728417,0.096205,3.916679
45,0.093149,3.572658,0.088851,3.754658
46,0.089302,3.654846,0.107116,3.851264
47,0.088600,3.593238,0.160045,3.841883
48,0.147154,3.732926,0.111304,3.991384
49,0.089251,3.581706,0.095964,3.766921
50,0.092318,3.526970,0.089281,3.708569
51,0.088921,5.224853,0.149476,5.463250
52,0.097237,3.581976,0.107406,3.786619
53,0.097879,3.635530,0.089642,3.823051
54,0.089593,3.616983,0.086566,3.793142
55,0.086467,5.940909,0.140399,6.167775
56,0.134601,5.611617,0.146883,5.893101
57,0.092097,4.082297,0.143496,4.317890
58,0.106815,4.038052,0.166819,4.311686
59,0.095414,3.624788,0.100553,3.820755
60,0.095373,3.951046,0.096756,4.143175
61,0.093961,3.584791,0.092288,3.771040
62,0.093891,3.801397,0.107758,4.003046
63,0.094511,3.541208,0.094181,3.729900
64,0.125922,4.128157,0.133146,4.387225
65,0.110923,3.756311,0.095433,3.962667
66,0.089201,4.908185,0.095414,5.092800
67,0.088931,3.904476,0.111685,4.105092
68,0.095353,4.289105,0.112616,4.497074
69,0.100092,4.565897,0.154036,4.820025
70,0.103659,4.429715,0.097508,4.630882
71,0.094321,3.791430,0.104561,3.990312
72,0.086606,3.503144,0.090104,3.679854
73,0.086116,3.776930,0.089823,3.952869
74,0.088249,3.600081,0.086436,3.774766
75,0.086135,3.709942,0.086597,3.882674
76,0.085805,3.542269,0.091767,3.719841
77,0.086366,3.604059,0.086015,3.776440
78,0.086065,3.623165,0.088601,3.797831
79,0.087959,3.541909,0.085654,3.715522
80,0.086156,3.723277,0.092719,3.902152
81,0.092067,3.939382,0.153584,4.185033
82,0.098780,3.625219,0.110995,3.834994
83,0.089893,3.582196,0.088931,3.761020
84,0.095874,3.796077,0.096626,3.988577
85,0.088760,3.670927,0.093069,3.852756
86,0.091707,3.602435,0.088780,3.782922
87,0.088500,3.557118,0.088400,3.734018
88,0.088100,3.694011,0.089552,3.871663
89,0.088140,4.431848,0.143988,4.663976
90,0.103168,3.626281,0.092558,3.822007
91,0.092688,3.615951,0.088991,3.797630
92,0.088771,3.743195,0.089603,3.921569
93,0.088550,4.476395,0.094812,4.659757
94,0.089252,3.511030,0.088900,3.689182
95,0.088720,3.579301,0.092778,3.760799
96,0.092498,3.548421,0.089001,3.729920
97,1.083764,3.910016,0.112256,5.106036
98,0.089001,3.581044,0.089402,3.759447
99,0.088680,3.593278,0.089983,3.771941
100,0.088630,3.606322,0.096045,3.790997
101,0.092929,3.791558,0.098059,3.982546
102,0.088179,3.558290,0.089342,3.735811
103,0.088510,3.621812,0.088841,3.799163
104,0.088851,3.678662,0.105994,3.873507
105,0.088791,3.849059,0.094031,4.031881
106,0.088931,3.614468,0.096235,3.799634
107,0.088691,3.525857,0.092468,3.707016
108,0.088801,4.494278,0.125833,4.708912
109,0.086266,4.160599,0.092347,4.339212
110,0.086125,3.619989,0.085745,3.791859
111,0.085535,3.568530,0.088700,3.742765
112,0.088180,4.444753,0.173034,4.705967
113,0.094371,3.747604,0.097748,3.939723
114,0.088450,3.564503,0.089652,3.742605
115,0.088490,3.535778,0.088730,3.712998
116,0.088420,4.223489,0.087428,4.399337
117,0.087638,3.685825,0.084643,3.858106
118,0.086125,3.633916,0.094321,3.814362
119,0.092046,3.571977,0.088801,3.752824
120,0.088991,4.201898,0.097948,4.388837
121,0.088911,3.564903,0.261893,3.915707
122,0.111525,3.578019,0.095193,3.784737
123,0.088730,3.591134,0.085865,3.765729
124,0.088840,3.680575,0.089162,3.858577
125,0.105482,3.823669,0.197750,4.126901
126,0.133406,3.939545,0.106836,4.179787
127,0.092338,3.646901,0.105903,3.845142
128,0.088611,3.805415,0.089482,3.983508
129,0.088731,3.541037,0.088971,3.718739
130,0.089302,3.684762,0.121766,3.895830
131,0.090574,3.581936,0.089071,3.761581
132,0.085234,4.101383,0.124571,4.311188
133,0.094131,3.496661,0.088691,3.679483
134,0.088931,3.780898,0.093069,3.962898
135,0.088841,3.594379,0.092508,3.775728
136,0.089141,4.332128,0.089803,4.511072
137,0.088530,3.558821,0.091727,3.739078
138,0.091657,3.744558,0.088861,3.925076
139,0.088670,3.521229,0.097277,3.707176
140,0.087237,3.793222,0.095975,3.976434
141,0.088550,3.573730,0.088981,3.751261
142,0.088340,3.552769,0.088551,3.729660
143,0.088891,3.811687,0.155678,4.056256
144,0.120413,3.834089,0.120923,4.075425
145,0.090905,3.524104,0.092137,3.707146
146,0.091465,3.550035,0.090414,3.731914
147,0.092267,3.794134,0.118468,4.004869
148,0.088380,3.978027,0.107366,4.173773
149,0.088740,3.536729,0.089041,3.714510
150,0.088911,3.649155,0.091947,3.830013
151,0.091606,3.780487,0.096566,3.968659
152,0.088350,3.728427,0.091827,3.908604
153,0.088861,3.569422,0.088710,3.746993
154,0.088430,3.637323,0.088680,3.814433
155,0.088600,3.549213,0.088681,3.726494
156,0.088450,5.700528,0.098660,5.887638
157,0.091806,3.573630,0.088901,3.754337
158,0.088641,3.616141,0.089432,3.794214
159,0.088661,4.848899,0.213280,5.150840
160,0.133787,4.020270,0.096165,4.250222
161,0.091886,3.555616,0.088860,3.736362
162,0.088470,3.551247,0.088470,3.728187
163,0.088280,3.891251,0.092828,4.072359
164,0.088430,3.537040,0.092458,3.717928
165,0.105152,3.677029,0.094001,3.876182
166,0.091285,3.589370,0.089162,3.769817
167,0.086696,4.755370,0.139369,4.981435
168,0.091065,3.591063,0.091746,3.773874
169,0.089031,3.524095,0.088630,3.701756
170,0.119741,3.547720,0.088740,3.756201
171,0.088531,4.421990,0.092518,4.603039
172,0.092137,3.832016,0.098780,4.022933
173,0.088991,3.584110,0.088871,3.761972
174,0.088520,3.562528,0.088701,3.739749
175,0.088701,3.830022,0.093880,4.012603
176,0.088339,3.746973,0.096736,3.932048
177,0.089161,3.624958,0.092408,3.806527
178,0.091285,3.553211,0.089111,3.733607
179,0.091166,3.847556,0.089071,4.027793
180,0.088621,3.796578,0.090775,3.975974
181,0.088570,3.621752,0.089613,3.799935
182,0.089131,3.588158,0.089562,3.766851
183,0.221705,6.218666,0.095574,6.535945
184,0.091997,3.730020,0.094832,3.916849
185,0.088510,3.512502,0.096425,3.697437
186,0.088851,3.890868,0.139298,4.119017
187,0.100854,3.715383,0.090935,3.907172
188,0.088831,3.820184,0.095453,4.004468
189,0.089833,3.730099,0.110785,3.930717
190,0.089221,4.184214,0.093439,4.366874
191,0.092067,3.524765,0.086066,3.702898
192,0.088651,3.766360,0.099080,3.954091
193,0.088901,3.611041,0.090645,3.790587
194,0.088270,3.913333,0.100433,4.102036
195,0.088731,3.742645,0.092758,3.924134
196,0.092528,3.584360,0.255280,3.932168
197,0.114742,3.575313,0.095263,3.785318
198,0.088791,3.825924,0.089683,4.004398
199,0.088400,3.545686,0.088941,3.723027
200,0.088611,3.537229,0.092989,3.718829
201,0.091235,3.741463,0.093129,3.925827
202,0.088650,3.862495,0.104491,4.055636
203,0.088420,3.564342,0.088931,3.741693
204,0.088570,3.748756,0.089092,3.926418
205,0.088480,3.776160,0.098679,3.963319
206,0.089132,3.708439,0.088279,3.885850
207,0.088871,3.549413,0.092047,3.730331
208,0.091536,3.526169,0.116975,3.734680
209,0.088750,3.728648,0.090043,3.907441
210,0.085063,3.973116,0.131745,4.189924
211,0.091546,4.064003,0.089021,4.244570
212,0.090635,3.566215,0.089292,3.746142
213,0.088480,3.570253,0.089112,3.747845
214,0.089061,4.647554,0.101525,4.838140
215,0.091707,3.508364,0.088841,3.688912
216,0.088861,3.585984,0.088951,3.763796
217,0.088590,3.606713,0.088630,3.783933
218,0.088470,5.748099,0.138447,5.975016
219,0.093430,3.564302,0.088550,3.746282
220,0.088901,3.530187,0.092017,3.711105
221,0.091736,5.094723,0.125282,5.311741
222,0.090304,3.577046,0.104261,3.771611
223,0.088921,3.531529,0.088971,3.709421
224,0.088591,3.563439,0.088921,3.740951
225,0.162583,3.709279,0.117156,3.989018
226,0.093279,3.769106,0.099371,3.961756
227,0.088901,3.553632,0.089031,3.731564
228,0.088620,3.559373,0.088750,3.736743
229,0.088570,4.052390,0.092057,4.233017
230,0.088571,3.748676,0.092748,3.929995
231,0.101856,3.559242,0.089151,3.750249
232,0.121594,3.634758,0.108789,3.865141
233,0.088730,3.792631,0.097457,3.978818
234,0.089041,3.772532,0.121894,3.983467
235,0.094322,3.599800,0.097898,3.792020
236,0.088670,3.575724,0.094351,3.758745
237,0.092277,4.727728,0.095584,4.915589
238,0.091807,3.737585,0.093800,3.923192
239,0.089081,3.617444,0.088891,3.795416
240,0.090223,3.673201,0.088450,3.851874
241,0.088289,5.848172,0.093971,6.030432
242,0.091586,3.749668,0.094081,3.935335
243,0.088640,3.643985,0.089192,3.821817
244,0.093630,4.807010,0.124190,5.024830
245,0.087959,4.056588,0.089021,4.233568
246,0.088691,3.796699,0.092447,3.977837
247,0.088400,3.572328,0.089191,3.749919
248,0.088440,6.091960,0.101084,6.281484
249,0.109771,3.532641,0.320744,3.963156
250,0.144650,3.581294,0.118639,3.844583
251,0.088631,3.966343,0.114602,4.169576
252,0.090865,3.621031,0.088760,3.800656
253,0.088460,3.651449,0.093019,3.832928
254,0.090414,3.723378,0.102327,3.916119
255,0.086336,4.247113,0.113450,4.446899
256,0.093910,4.077228,0.088771,4.259909
257,0.088190,3.591824,0.088691,3.768705
258,0.088510,3.758705,0.105703,3.952918
259,0.089382,3.809012,0.090003,3.988397
260,0.088791,3.593358,0.091696,3.773845
261,0.091256,3.631330,0.105724,3.828310
262,0.088500,3.776310,0.263174,4.127984
263,0.138809,3.708790,0.086586,3.934185
264,0.086556,3.579131,0.086165,3.751852
265,0.085795,3.618466,0.089021,3.793282
266,0.087839,3.694482,0.086847,3.869168
267,0.085233,4.854743,0.093550,5.033526
268,0.089172,3.624487,0.089342,3.803001
269,0.088660,3.555015,0.088810,3.732485
270,0.091827,3.718117,0.257915,4.067859
271,0.152042,6.002020,0.098469,6.252531
272,0.091466,3.592275,0.088831,3.772572
273,0.088279,3.511410,0.088781,3.688470
274,0.088640,4.423202,0.124901,4.636743
275,0.092818,3.597696,0.089392,3.779906
276,0.088780,3.610802,0.092237,3.791819
277,0.096165,3.545586,0.088510,3.730261
278,0.088620,4.300255,0.157274,4.546149
279,0.147864,3.635750,0.106043,3.889657
280,0.088420,3.560395,0.088891,3.737706
281,0.088881,3.531418,0.088821,3.709120
282,0.088410,4.004037,0.109621,4.202068
283,0.099822,3.610560,0.095133,3.805515
284,0.091677,3.557799,0.089191,3.738667
285,0.088561,3.610160,0.088390,3.787111
286,0.088139,3.811447,0.098229,3.997815
287,0.085344,3.763535,0.096646,3.945525
288,0.106204,3.544604,0.091927,3.742735
289,0.091395,3.605862,0.088690,3.785947
290,0.088500,4.134518,0.092247,4.315265
291,0.088450,3.777712,0.093189,3.959351
292,0.088770,3.622093,0.095895,3.806758
293,0.088470,3.551007,0.088570,3.728047
294,0.088219,4.078100,0.093209,4.259528
295,0.091265,3.719360,0.095283,3.905908
296,0.087989,3.569722,0.089041,3.746752
297,0.086626,3.549894,0.088761,3.725281
298,0.088801,4.807181,0.093740,4.989722
299,0.088189,3.706004,0.086947,3.881140
300,0.085805,3.624536,0.117567,3.827908
301,0.092668,3.515879,0.092808,3.701355
302,0.092067,6.377198,0.159507,6.628772
303,0.101806,8.049746,0.120952,8.272504
304,0.099021,4.180336,0.147513,4.426870
305,0.109560,4.039474,0.097768,4.246802
306,0.091726,3.706537,0.180796,3.979059
307,0.100143,3.828479,0.109493,4.038115
308,0.126521,4.242917,0.095553,4.464991
309,0.094752,3.579734,0.093179,3.767665
310,0.091175,3.819272,0.178782,4.089229
311,0.123309,4.231413,0.148647,4.503369
312,0.095584,3.615891,0.092137,3.803612
313,0.091306,3.504326,0.095213,3.690845
314,0.130009,3.754087,0.105353,3.989449
315,0.091756,3.586395,0.119940,3.798091
316,0.092497,3.636250,0.151031,3.879778
317,0.094311,3.527381,0.091285,3.712977
318,0.091215,3.758015,0.098880,3.948110
319,0.088240,3.783012,0.127666,3.998918
320,0.089492,3.600080,0.088490,3.778062
321,0.088379,3.536449,0.088530,3.713358
322,0.088289,3.537731,0.088089,3.714109
323,0.088350,4.039295,0.132444,4.260089
324,0.094161,3.560264,0.091856,3.746281
325,0.088570,3.614488,0.088791,3.791849
326,0.088520,3.580944,0.088370,3.757834
327,0.088420,5.711128,0.163303,5.962851
328,0.129899,3.540827,0.111115,3.781841
329,0.094581,4.114069,0.088941,4.297591
330,0.089072,3.564452,0.088840,3.742364
331,0.088801,3.816136,0.106995,4.011932
332,0.092548,3.521499,0.088350,3.702397
333,0.088340,3.556587,0.088420,3.733347
334,0.088259,3.635238,0.089092,3.812589
335,0.088530,4.004106,0.138657,4.231293
336,0.121274,3.597346,0.092608,3.811228
337,0.092127,3.558250,0.092177,3.742554
338,0.089051,3.548301,0.088871,3.726223
339,0.088140,3.913322,0.092989,4.094451
340,0.094482,3.553040,0.089522,3.737044
341,0.088370,3.597576,0.091906,3.777852
342,0.091646,3.662480,0.088561,3.842687
343,0.088430,3.792270,0.091376,3.972076
344,0.254208,3.554123,0.095022,3.903353
345,0.089542,3.595402,0.089332,3.774276
346,0.088259,3.539514,0.090234,3.718007
347,0.452610,3.555595,0.086857,4.095062
348,0.085735,3.714471,0.088369,3.888575
349,0.086135,3.549173,0.089081,3.724389
350,0.086416,3.744559,0.085414,3.916389
351,0.255750,3.615252,0.089362,3.960364
352,0.105703,3.673872,0.095514,3.875089
353,0.085775,3.657792,0.090343,3.833910
354,0.088700,3.543232,0.088981,3.720913
355,0.152894,3.635619,0.093861,3.882374
356,0.091887,3.555184,0.533744,4.180815
357,0.131164,3.748666,0.130460,4.010290
358,0.088660,3.826887,0.167651,4.083198
359,0.107186,3.645559,0.092278,3.845023
360,0.088870,3.564413,0.092046,3.745329
361,0.092337,3.763345,0.097517,3.953199
362,0.088740,4.121171,0.142466,4.352377
363,0.097067,3.657521,0.090163,3.844751
364,0.088270,3.543862,0.088881,3.721013
365,0.088800,3.840894,0.090915,4.020609
366,0.088791,5.683626,0.092978,5.865395
367,0.091456,3.549874,0.088230,3.729560
368,0.088370,3.586986,0.088861,3.764217
369,0.088481,3.733417,0.095133,3.917031
370,0.088781,3.959241,0.088771,4.136793
371,0.088070,3.584981,0.091776,3.764827
372,0.091296,3.589820,0.088531,3.769647
373,0.088380,3.683732,0.092447,3.864559
374,0.088801,3.815192,0.097548,4.001541
375,0.094282,3.676128,0.092077,3.862487
376,0.088661,3.544935,0.091616,3.725212
377,0.090824,3.652482,0.108168,3.851474
378,0.088169,4.063199,0.109413,4.260781
379,0.090645,4.057379,0.175157,4.323181
380,0.088690,3.612325,0.088129,3.789144
381,0.088290,3.697167,0.086466,3.871923
382,0.088290,4.579151,0.106957,4.774398
383,0.091977,4.053612,0.092047,4.237636
384,0.091535,3.544334,0.088610,3.724479
385,0.105754,3.717446,0.089692,3.912892
386,0.088170,5.140452,0.091756,5.320378
387,0.088861,3.689493,0.096375,3.874729
388,0.092067,3.523653,0.088571,3.704291
389,0.088420,6.768580,0.135079,6.992079
390,0.123528,3.719531,0.091837,3.934896
391,0.088490,3.618276,0.091947,3.798713
392,0.091926,3.532551,0.089071,3.713548
393,0.088370,5.385051,0.112688,5.586109
394,0.091165,3.550215,0.088430,3.729810
395,0.088951,3.582577,0.089332,3.760860
396,0.088180,3.641800,0.105523,3.835503
397,0.101696,3.877824,0.104902,4.084422
398,0.091937,3.531529,0.088450,3.711916
399,0.088740,3.560765,0.089152,3.738657
400,0.088340,3.680936,0.098159,3.867435
401,0.092979,3.872374,0.098549,4.063902
402,0.088971,3.646601,0.093469,3.829041
403,0.092598,3.553361,0.088570,3.734529
404,0.089883,4.554083,0.134159,4.778125
405,0.093509,3.764757,0.097097,3.955363
406,0.088681,3.596313,0.093279,3.778273
407,0.091846,3.608166,0.088631,3.788643
408,0.087198,3.980401,0.140220,4.207819
409,0.090514,3.752564,0.089642,3.932720
410,0.088230,3.596404,0.092668,3.777302
411,0.090073,3.541408,0.091676,3.723157
412,0.091586,5.353570,0.149759,5.594915
413,0.138736,4.487416,0.121243,4.747395
414,0.091366,3.579200,0.094963,3.765529
415,0.092448,3.685233,0.168425,3.946106
416,0.106535,3.747464,0.096766,3.950765
417,0.091837,3.683972,0.098188,3.873997
418,0.088690,3.549324,0.090864,3.728878
419,0.088890,3.617094,0.064864,3.770848
420,0.099371,3.599780,0.089672,3.788823
421,0.088630,3.532120,0.091676,3.712426
422,0.092077,3.792330,0.098369,3.982776
423,0.099562,3.600932,0.089192,3.789686
424,0.088300,6.353975,0.091115,6.533390
425,0.105463,3.702427,0.090384,3.898274
426,0.089081,3.623836,0.091286,3.804203
427,0.092117,5.510291,0.136003,5.738411
428,0.094221,4.074503,0.091295,4.260019
429,0.233286,3.829624,0.101615,4.164525
430,0.091636,3.593237,0.122714,3.807587
431,0.112177,3.573189,0.091446,3.776812
432,0.090825,3.543642,0.092047,3.726514
433,0.091085,3.699713,0.089993,3.880791
434,0.088390,3.567378,0.093379,3.749147
435,0.182932,3.724380,0.090033,3.997345
436,0.085875,3.624478,0.088730,3.799083
437,0.088600,3.549072,0.091857,3.729529
438,0.091165,3.779996,0.107968,3.979129
439,0.089833,4.248848,0.129739,4.468420
440,0.125431,3.543442,0.089202,3.758075
441,0.088731,3.611332,0.088801,3.788864
442,0.088510,3.750049,0.803925,4.642484
443,0.106114,3.689112,0.097928,3.893154
444,0.091556,3.635859,0.089833,3.817248
445,0.088300,3.667249,0.089362,3.844911
446,0.086045,3.778352,0.120712,3.985109
447,0.099160,3.613899,0.102006,3.815065
448,0.088460,3.547830,0.093961,3.730251
449,0.096396,3.550786,0.087067,3.734249
450,0.088941,4.475191,0.155519,4.719651
451,0.129228,4.275321,0.093580,4.498129
452,0.088490,3.641601,0.088871,3.818962
453,0.088730,3.590583,0.088360,3.767673
454,0.088229,3.866453,0.117135,4.071817
455,0.089001,3.580643,0.092027,3.761671
456,0.091426,3.575053,0.089973,3.756452
457,0.088781,3.567017,0.088530,3.744328
458,0.088370,3.851713,0.131915,4.071998
459,0.093750,3.781650,0.097878,3.973278
460,0.089011,3.666608,0.091807,3.847426
461,0.091216,3.547689,0.088921,3.727826
462,0.088250,4.796879,0.136795,5.021924
463,0.090353,3.809133,0.088209,3.987695
464,0.088981,3.560665,0.088861,3.738507
465,0.088450,3.595693,0.089051,3.773194
466,0.091857,4.232115,0.089673,4.413645
467,0.098639,3.818791,0.091326,4.008756
468,0.089352,3.629888,0.090184,3.809424
469,0.089192,3.514045,0.088670,3.691907
470,0.089362,3.917952,0.114570,4.121884
471,0.091726,3.759918,0.108659,3.960303
472,0.088861,3.565865,0.089051,3.743777
473,0.088510,3.570193,0.088911,3.747614
474,0.089311,4.117456,0.091045,4.297812
475,0.095453,3.788814,0.090794,3.975061
476,0.107977,3.676767,0.119711,3.904455
477,0.093530,3.539975,0.089482,3.722987
478,0.088911,3.731532,0.114872,3.935315
479,0.091907,3.559232,0.088791,3.739930
480,0.088490,3.728417,0.095614,3.912521
481,0.089371,3.566266,0.089442,3.745079
482,0.088841,5.036941,0.101064,5.226846
483,0.187019,3.541819,0.099521,3.828359
484,0.095543,4.030310,0.158092,4.283945
485,0.097798,3.560274,0.115484,3.773556
486,0.121732,4.131574,0.092127,4.345433
487,0.091847,3.553370,0.105383,3.750600
488,0.088520,3.786999,0.097408,3.972927
489,0.089382,3.661208,0.120681,3.871271
490,0.173413,3.771903,0.088981,4.034297
491,0.088500,3.577748,0.091156,3.757404
492,0.091115,3.769146,0.098890,3.959151
493,0.088791,3.544494,0.185276,3.818561
494,0.101084,3.680315,0.089662,3.871061
495,0.088881,3.569191,0.089041,3.747113
496,0.089021,3.703740,0.093760,3.886521
497,0.087859,3.542881,0.094732,3.725472
498,0.088400,4.987267,0.093700,5.169367
499,0.099993,3.560965,0.089141,3.750099
500,0.094592,3.719500,0.090494,3.904586
501,0.088600,4.043853,0.136193,4.268646
502,0.091857,3.521089,0.088901,3.701847
503,0.088500,3.550887,0.088800,3.728187
504,0.088730,3.560605,0.092067,3.741402
505,0.091946,3.889537,0.117616,4.099099
506,0.095684,3.564292,0.089341,3.749317
507,0.095654,3.575473,0.088731,3.759858
508,0.088049,3.491653,0.088450,3.668152
509,0.088420,3.821336,0.150470,4.060226
510,0.091075,3.576074,0.092979,3.760128
511,0.091696,3.597837,0.088811,3.778344
512,0.088179,3.550996,0.088370,3.727545
513,0.088560,5.813404,0.186899,6.088863
514,0.164996,4.127707,0.094933,4.387636
515,0.091917,3.561086,0.089191,3.742194
516,0.090333,3.559603,0.088781,3.738717
517,0.088841,4.702590,0.134619,4.926050
518,0.096396,3.655587,0.091426,3.843409
519,0.088420,3.580143,0.101234,3.769797
520,0.089192,3.836824,0.147073,4.073089
521,0.104010,3.971895,0.155580,4.231485
522,0.093189,3.572698,0.091987,3.757874
523,0.091957,3.499607,0.092739,3.684303
524,0.088670,3.711876,0.102276,3.902822
525,0.088681,3.788042,0.110202,3.986925
526,0.092037,3.679764,0.089773,3.861574
527,0.088420,3.668723,0.093750,3.850893
528,0.091686,4.807481,0.110954,5.010121
529,0.089983,4.242526,0.123637,4.456146
530,0.089382,3.590061,0.089702,3.769145
531,0.088490,3.570294,0.088590,3.747374
532,0.104942,4.552632,0.090914,4.748488
533,0.088280,3.828370,0.096395,4.013045
534,0.088610,3.568239,0.091957,3.748806
535,0.091817,3.635448,0.088320,3.815585
536,0.088230,4.007684,0.091877,4.187791
537,0.088851,3.763464,0.089683,3.941998
538,0.088420,3.653122,0.095423,3.836965
539,0.092448,3.537771,0.088380,3.718599
540,0.088189,5.762067,0.097467,5.947723
541,0.091827,3.690855,0.094221,3.876903
542,0.088550,3.622514,0.089331,3.800395
543,0.088400,3.895368,0.120331,4.104099
544,0.085865,3.524205,0.085995,3.696065
545,0.086567,3.749628,0.087869,3.924064
546,0.091265,3.555385,0.094431,3.741081
547,0.088931,3.755739,0.151693,3.996363
548,0.097377,3.915226,0.100113,4.112716
549,0.086526,3.567178,0.099691,3.753395
550,0.088300,6.452983,0.145111,6.686394
551,0.117836,3.954182,0.177310,4.249328
552,0.100944,3.909265,0.110433,4.120642
553,0.089171,3.797529,0.114871,4.001571
554,0.100182,3.968239,0.146342,4.214763
555,0.098479,4.145880,0.109400,4.353759
556,0.097247,4.978438,0.141362,5.217047
557,0.140251,4.053723,0.106014,4.299988
558,0.089061,3.703910,0.094872,3.887843
559,0.088640,5.344713,0.116636,5.549989
560,0.091567,4.321597,0.096606,4.509770
561,0.089122,3.895727,0.139991,4.124840
562,0.091185,3.581625,0.139037,3.811847
563,0.094622,3.606232,0.089282,3.790136
564,0.088701,3.587987,0.091356,3.768044
565,0.088330,4.005328,0.153807,4.247465
566,0.092178,3.598557,0.088901,3.779636
567,0.088670,3.549834,0.088971,3.727475
568,0.088680,3.545225,0.105423,3.739328
569,0.088430,4.680838,0.142995,4.912263
570,0.096375,3.672320,0.091165,3.859860
571,0.088881,3.505719,0.115572,3.710172
572,0.088571,3.569742,0.088821,3.747134
573,0.088670,4.457097,0.163666,4.709433
574,0.092317,4.102326,0.091236,4.285879
575,0.088310,3.563982,0.109079,3.761371
576,0.092999,3.552870,0.089081,3.734950
577,0.104020,3.783162,0.121353,4.008535
578,0.093300,3.584159,0.089032,3.766491
579,0.105503,3.605341,0.088480,3.799324
580,0.088440,3.563791,0.088851,3.741082
581,0.088641,3.825754,0.090324,4.004719
582,0.086367,3.576916,0.093550,3.756833
583,0.091436,3.579311,0.089001,3.759748
584,0.088160,3.574902,0.088319,3.751381
585,0.105613,3.955324,0.110272,4.171209
586,0.090093,3.803541,0.100353,3.993987
587,0.088881,3.526269,0.094010,3.709160
588,0.100894,3.553681,0.086196,3.740771
589,0.086386,4.294736,0.091947,4.473069
590,0.088901,3.742885,0.093871,3.925657
591,0.088750,3.593809,0.089312,3.771871
592,0.095895,3.557549,0.088690,3.742134
593,0.088360,4.952000,0.093980,5.134340
594,0.091686,3.738106,0.094862,3.924654
595,0.088500,3.581876,0.088831,3.759207
596,0.088570,3.707146,0.096145,3.891861
597,0.088771,3.579711,0.088571,3.757053
598,0.088651,3.724680,0.090454,3.903785
599,0.088240,3.661809,0.095514,3.845563
600,0.092017,3.493656,0.089292,3.674965
601,0.150580,3.613917,0.095864,3.860361
602,0.100804,3.556406,0.092939,3.750149
603,0.092187,3.687429,0.096525,3.876141
604,0.095213,3.541738,0.093180,3.730131
605,0.092778,3.777933,0.098379,3.969090
606,0.092447,3.596885,0.089742,3.779074
607,0.085143,4.524296,0.126465,4.735904
608,0.089763,4.142203,0.092397,4.324363
609,0.088560,3.571787,0.091415,3.751762
610,0.088490,3.531448,0.091977,3.711915
611,0.091526,3.744799,0.112005,3.948330
612,0.088530,3.695594,0.109912,3.894036
613,0.088840,3.537551,0.088410,3.714801
614,0.088621,3.543131,0.088340,3.720092
615,0.088119,3.720793,0.089822,3.898734
616,0.089322,3.698560,0.103639,3.891521
617,0.088630,3.564533,0.092457,3.745620
618,0.093550,3.594089,0.088270,3.775909
619,0.088139,3.542681,0.088289,3.719109
620,0.088581,3.935483,0.133869,4.157933
621,0.093700,3.681547,0.088129,3.863376
622,0.088811,3.554142,0.092508,3.735461
623,0.092227,3.562038,0.106605,3.760870
624,0.088390,3.787581,0.386572,4.262543
625,0.122535,3.704522,0.097889,3.924946
626,0.088971,3.575093,0.089161,3.753225
627,0.088731,3.579421,0.092898,3.761050
628,0.092178,3.727635,0.142093,3.961906
629,0.141211,3.703049,0.083691,3.927951
630,0.085735,3.562799,0.085955,3.734489
631,0.085134,3.582717,0.174145,3.841996
632,0.085705,3.619508,0.086025,3.791238
633,0.292422,5.751427,0.098449,6.142298
634,0.092127,3.544073,0.088430,3.724630
635,0.105422,3.535927,0.088591,3.729940
636,0.088460,3.935234,0.140520,4.164214
637,0.101255,3.948861,0.093750,4.143866
638,0.090244,3.560725,0.089321,3.740290
639,0.088279,3.588850,0.089021,3.766150
640,0.088700,3.638565,0.105823,3.833088
641,0.089322,3.789044,0.096636,3.975002
642,0.088631,3.585853,0.089462,3.763946
643,0.088851,3.586334,0.088640,3.763825
644,0.088480,3.713277,0.132756,3.934513
645,0.095083,3.867164,0.116313,4.078560
646,0.091776,3.638855,0.107026,3.837657
647,0.088911,3.561185,0.088711,3.738807
648,0.088670,4.147724,0.095313,4.331707
649,0.088289,3.760039,0.105402,3.953730
650,0.088550,3.648023,0.089692,3.826265
651,0.088340,3.553621,0.088901,3.730862
652,0.092438,3.669283,0.090715,3.852436
653,0.089132,3.708749,0.092788,3.890669
654,0.088290,3.627653,0.094342,3.810285
655,0.088640,3.618386,0.093860,3.800886
656,0.088461,3.677198,0.092899,3.858558
657,0.092368,3.512272,0.088750,3.693390
658,0.088290,3.823641,0.101595,4.013526
659,0.089201,3.516711,0.087087,3.692999
660,0.088470,4.987658,0.090133,5.166261
661,0.089121,3.550205,0.092317,3.731643
662,0.091937,3.842196,0.103378,4.037511
663,0.089973,4.463009,0.110974,4.663956
664,0.088650,3.567398,0.088771,3.744819
665,0.088490,3.583739,0.087188,3.759417
666,0.088270,3.766120,0.092899,3.947289
667,0.087237,3.655017,0.093760,3.836014
668,0.088380,3.559603,0.093610,3.741593
669,0.091836,3.633926,0.088871,3.814633
670,0.088039,3.763695,0.094151,3.945885
671,0.088249,3.599960,0.098580,3.786789
672,0.092178,3.570954,0.088390,3.751522
673,0.088891,3.609869,0.092128,3.790888
674,0.091836,3.533413,0.088229,3.713478
675,0.088430,4.063551,0.132796,4.284777
676,0.091726,3.577297,0.087579,3.756602
677,0.088580,3.603938,0.088731,3.781249
678,0.088560,3.602265,0.092478,3.783303
679,0.092047,4.937499,0.170950,5.200496
680,0.095324,3.571585,0.088621,3.755530
681,0.088290,3.570975,0.088791,3.748056
682,0.105182,3.530807,0.088881,3.724870
683,0.088611,4.668212,0.169617,4.926440
684,0.115684,3.685685,0.093790,3.895159
685,0.092618,3.566666,0.086106,3.745390
686,0.088480,3.561887,0.088590,3.738957
687,0.088671,5.266492,0.138686,5.493849
688,0.097998,3.567800,0.089983,3.755781
689,0.095353,3.575002,0.086176,3.756531
690,0.088721,3.575944,0.088710,3.753375
691,0.088129,3.951064,0.167312,4.206505
692,0.115223,3.644636,0.088851,3.848710
693,0.088821,3.513003,0.088610,3.690434
694,0.088640,3.537320,0.088690,3.714650
695,0.088150,3.965643,0.101355,4.155148
696,0.088309,3.534976,0.093529,3.716814
697,0.092788,3.564492,0.088781,3.746061
698,0.088220,3.539915,0.088510,3.716645
699,0.088300,3.733276,0.111575,3.933151
700,0.089162,3.735421,0.095994,3.920577
701,0.088711,3.560024,0.089041,3.737776
702,0.106645,3.573309,0.092177,3.772131
703,0.091886,5.236996,0.163445,5.492327
704,0.128677,4.387735,0.089342,4.605754
705,0.088370,3.592897,0.088620,3.769887
706,0.088901,4.171778,0.154860,4.415539
707,0.093791,3.815835,0.089532,3.999158
708,0.087909,3.607164,0.094251,3.789324
709,0.088630,3.559152,0.092809,3.740591
710,0.088840,4.555897,0.159979,4.804716
711,0.092358,3.545555,0.088500,3.726413
712,0.088931,3.819432,0.092067,4.000430
713,0.088590,3.578229,0.093089,3.759908
714,0.092468,5.203381,0.122647,5.418496
715,0.095724,4.243167,0.092137,4.431028
716,0.091436,3.537430,0.100844,3.729710
717,0.092879,3.579491,0.091506,3.763876
718,0.091195,3.839331,0.098099,4.028625
719,0.094702,3.515117,0.096335,3.706154
720,0.092057,3.772121,0.102367,3.966545
721,0.088841,3.651680,0.090684,3.831205
722,0.095714,3.793943,0.090804,3.980461
723,0.103840,3.575353,0.089161,3.768354
724,0.089162,3.708910,0.090754,3.888826
725,0.089391,3.655989,0.088921,3.834301
726,0.088190,6.960360,0.098019,7.146569
727,0.095233,3.719500,0.089782,3.904515
728,0.088790,3.598457,0.097508,3.784755
729,0.089692,3.861042,0.089683,4.040417
730,0.088700,3.535687,0.088731,3.713118
731,0.088300,3.532821,0.088480,3.709601
732,0.088580,3.760790,0.104701,3.954071
733,0.098439,3.682709,0.093530,3.874678
734,0.092448,3.594289,0.088600,3.775337
735,0.089001,3.581084,0.088550,3.758635
736,0.088390,3.823159,0.100634,4.012183
737,0.088731,3.889966,0.128979,4.107676
738,0.091746,3.567919,0.098620,3.758285
739,0.091697,3.604940,0.098399,3.795036
740,0.088390,3.755931,0.092287,3.936608
741,0.088871,3.982064,0.114971,4.185906
742,0.111566,3.570163,0.093149,3.774878
743,0.092258,3.625700,0.089181,3.807139
744,0.088440,3.544925,0.088480,3.721845
745,0.088129,4.132353,0.150951,4.371433
746,0.093189,3.562448,0.088771,3.744408
747,0.088270,3.614749,0.092317,3.795336
748,0.092458,3.557038,0.088600,3.738096
749,0.088149,4.438051,0.130752,4.656952
750,0.093630,3.533262,0.089091,3.715983
751,0.085585,3.654014,0.089502,3.829101
752,0.088530,3.634337,0.092528,3.815395
753,0.092026,4.786681,0.173134,5.051841
754,0.093580,3.584200,0.090574,3.768354
755,0.088541,3.552849,0.089012,3.730402
756,0.088600,3.540096,0.094171,3.722867
757,0.094231,5.102517,0.100163,5.296911
758,0.094101,3.708972,0.089442,3.892515
759,0.088560,3.566987,0.088781,3.744328
760,0.088741,3.624727,0.106144,3.819612
761,0.107617,4.089862,0.157671,4.355150
762,0.099131,4.171871,0.112076,4.383078
763,0.088540,3.561536,0.088491,3.738567
764,0.114670,3.647601,0.117627,3.879898
765,0.118877,3.763666,0.102457,3.985000
766,0.091737,3.679092,0.090033,3.860862
767,0.095433,3.629758,0.088550,3.813741
768,0.089012,4.537010,0.157794,4.783816
769,0.127636,3.747564,0.091777,3.966977
770,0.088650,3.584380,0.091847,3.764877
771,0.091646,3.598968,0.089482,3.780096
772,0.088119,5.502336,0.107318,5.697773
773,0.091626,4.872417,0.091816,5.055859
774,0.089061,3.566857,0.091736,3.747654
775,0.091836,3.678912,0.098009,3.868757
776,0.088921,3.562879,0.089141,3.740941
777,0.088390,4.361683,0.151612,4.601685
778,0.091266,3.623105,0.090153,3.804524
779,0.089772,3.679223,0.091686,3.860681
780,0.091486,3.622263,0.089152,3.802901
781,0.088440,3.726293,0.091336,3.906069
782,0.088170,3.593989,0.094953,3.777112
783,0.088260,4.277683,0.096636,4.462579
784,0.088641,3.572717,0.091516,3.752874
785,0.091636,3.758545,0.089742,3.939923
786,0.087949,3.648744,0.092458,3.829151
787,0.089142,3.998536,0.095083,4.182761
788,0.089211,3.666168,0.089181,3.844560
789,0.089092,3.563069,0.090324,3.742485
790,0.088540,3.738487,0.110162,3.937189
791,0.092948,3.723188,0.097587,3.913723
792,0.091616,3.550976,0.088971,3.731563
793,0.088921,3.549474,0.088630,3.727025
794,0.088580,3.738828,0.098679,3.926087
795,0.088210,5.536190,0.145831,5.770231
796,0.119090,4.048752,0.143216,4.311058
797,0.104661,4.168103,0.124830,4.397594
798,0.096075,4.492997,0.149457,4.738529
799,0.097267,4.046118,0.109019,4.252404
800,0.095053,3.854828,0.107389,4.057270
801,0.093369,3.585242,0.085554,3.764165
802,0.232858,5.608549,0.199984,6.041391
803,0.100543,3.536519,0.093279,3.730341
804,0.093509,3.957659,0.181350,4.232518
805,0.094652,4.005398,0.170187,4.270237
806,0.098750,3.557819,0.100994,3.757563
807,0.097678,3.896511,0.123860,4.118049
808,0.092668,3.593568,0.108569,3.794805
809,0.089271,4.565136,0.149417,4.803824
810,0.100654,3.685475,0.090223,3.876352
811,0.095684,3.613576,0.095504,3.804764
812,0.090785,3.654094,0.093430,3.838309
813,0.091355,3.779436,0.090925,3.961716
814,0.126321,3.679615,0.090584,3.896520
815,0.088380,3.547970,0.088861,3.725211
816,0.106084,3.520467,0.089562,3.716113
817,0.088280,3.874978,0.159257,4.122515
818,0.109651,3.752554,0.089151,3.951356
819,0.088410,3.578509,0.089552,3.756471
820,0.089061,3.611092,0.088821,3.788974
821,0.089332,4.608719,0.092819,4.790870
822,0.088770,3.766711,0.091737,3.947218
823,0.414344,3.656732,0.087207,4.158283
824,0.086397,3.636089,0.151622,3.874108
825,0.102207,4.477507,0.088480,4.668194
826,0.085404,3.766901,0.104311,3.956616
827,0.086176,3.667590,0.086747,3.840513
828,0.088470,3.586515,0.112464,3.787449
829,0.113690,3.576045,0.091927,3.781662
830,0.091596,3.834882,0.111034,4.037512
831,0.089041,3.541909,0.089261,3.720211
832,0.185256,4.640128,0.167985,4.993369
833,0.091586,3.569872,0.088831,3.750289
834,0.088741,3.700002,0.090694,3.879437
835,0.088380,3.632593,0.091546,3.812519
836,0.092889,3.689852,0.132235,3.914976
837,0.089682,3.611984,0.092017,3.793683
838,0.088971,3.558140,0.088631,3.735742
839,0.240301,3.617455,0.094241,3.951997
840,0.088901,3.725181,0.107296,3.921378
841,0.088741,3.502252,0.088751,3.679744
842,0.088530,3.563140,0.088230,3.739900
843,0.113799,3.733066,0.091586,3.938451
844,0.088941,3.631050,0.107637,3.827628
845,0.091466,3.593588,0.088800,3.773854
846,0.088530,3.550135,0.088390,3.727055
847,0.088379,3.831596,0.093620,4.013595
848,0.088150,3.960233,0.130831,4.179214
849,0.089342,3.661849,0.092969,3.844160
850,0.091957,3.618886,0.089322,3.800165
851,0.088410,3.750550,0.091345,3.930305
852,0.088369,5.109390,0.151082,5.348841
853,0.093700,3.495400,0.086186,3.675286
854,0.088861,3.659515,0.089101,3.837477
855,0.085945,3.711876,0.087217,3.885038
856,0.101695,3.694763,0.094381,3.890839
857,0.086156,3.537400,0.085905,3.709461
858,0.085624,3.632533,0.086136,3.804293
859,0.085434,3.533713,0.085114,3.704261
860,0.088089,3.849570,0.099241,4.036900
861,0.086437,3.528783,0.086186,3.701406
862,0.085644,3.637683,0.085685,3.809012
863,0.085294,3.558110,0.086116,3.729520
864,0.085624,3.856123,0.129139,4.070886
865,0.086716,3.525488,0.094591,3.706795
866,0.088230,3.547429,0.085785,3.721444
867,0.085314,3.553661,0.085565,3.724540
868,0.087117,4.773816,0.159157,5.020090
869,0.092398,4.390348,0.112748,4.595494
870,0.094592,4.105301,0.089242,4.289135
871,0.088801,3.577317,0.088149,3.754267
872,0.088330,4.940147,0.107386,5.135863
873,0.092999,3.529185,0.089622,3.711806
874,0.088760,3.567929,0.092087,3.748776
875,0.091536,3.675815,0.172260,3.939611
876,0.125303,5.515683,0.114730,5.755716
877,0.089452,3.605281,0.089572,3.784305
878,0.088290,3.545826,0.089633,3.723749
879,0.088440,3.659545,0.096876,3.844861
880,0.091566,3.773965,0.096345,3.961876
881,0.088109,3.534996,0.088881,3.711986
882,0.088810,3.505860,0.089231,3.683901
883,0.088651,3.690354,0.105032,3.884037
884,0.106485,3.651990,0.251223,4.009698
885,0.089031,3.626822,0.094422,3.810275
886,0.088791,3.598848,0.091967,3.779606
887,0.091245,5.322170,0.116495,5.529910
888,0.089161,3.701817,0.090043,3.881021
889,0.086035,3.578449,0.094021,3.758505
890,0.089042,3.650658,0.088901,3.828601
891,0.088430,6.525674,0.096987,6.711091
892,0.092147,3.749587,0.123439,3.965173
893,0.090443,3.618386,0.089081,3.797910
894,0.088420,3.674804,0.098269,3.861493
895,0.085254,3.564542,0.088941,3.738737
896,0.088330,3.731433,0.088059,3.907822
897,0.088330,3.645788,0.095554,3.829672
898,0.092127,5.417203,0.121554,5.630884
899,0.087569,3.538372,0.089131,3.715072
900,0.088450,3.821506,0.096316,4.006272
901,0.088891,3.615630,0.089643,3.794164
902,0.088400,5.072772,0.095914,5.257086
903,0.092659,3.565404,0.088570,3.746633
904,0.088840,3.750260,0.094652,3.933752
905,0.106405,3.643414,0.098569,3.848388
906,0.089302,3.601393,0.022944,3.713639
907,0.088710,3.499467,0.092188,3.680365
908,0.091846,3.517893,0.088330,3.698069
909,0.088289,3.841084,0.210163,4.139536
910,0.114922,4.240973,0.104009,4.459904
911,0.089261,3.651730,0.089662,3.830653
912,0.090133,3.663443,0.092387,3.845963
913,0.092428,4.375251,0.150469,4.618148
914,0.090093,3.555385,0.088911,3.734389
915,0.088781,3.508214,0.088771,3.685766
916,0.088680,3.572087,0.088310,3.749077
917,0.088039,4.489138,0.165127,4.742304
918,0.139420,3.674464,0.129508,3.943392
919,0.095103,3.578589,0.088861,3.762553
920,0.104681,3.578459,0.088661,3.771801
921,0.088360,4.830966,0.122416,5.041742
922,0.092799,3.580703,0.089632,3.763134
923,0.088681,3.593858,0.088861,3.771400
924,0.089001,3.567248,0.088730,3.744979
925,0.091907,5.284396,0.132847,5.509150
926,0.096887,3.562568,0.088670,3.748125
927,0.091776,3.514096,0.087929,3.693801
928,0.088520,3.653704,0.089202,3.831426
929,0.088470,5.447771,0.126585,5.662826
930,0.098470,3.543081,0.088510,3.730061
931,0.106184,3.595241,0.088370,3.789795
932,0.088039,3.637132,0.124257,3.849428
933,0.109692,3.736653,0.098951,3.945296
934,0.089152,3.617614,0.090434,3.797200
935,0.088370,3.683361,0.096255,3.867986
936,0.088420,4.541699,0.152563,4.782682
937,0.132046,3.699862,0.127616,3.959524
938,0.089281,3.642703,0.089412,3.821396
939,0.088290,3.546187,0.092658,3.727135
940,0.093370,3.850472,0.105122,4.048964
941,0.088731,3.728337,0.091435,3.908503
942,0.088620,3.577127,0.249487,3.915234
943,0.109483,3.499647,0.088751,3.697881
944,0.108509,3.952697,0.122627,4.183833
945,0.090834,3.547610,0.092678,3.731122
946,0.300346,3.688222,0.093419,4.081987
947,0.089061,3.575584,0.089181,3.753826
948,0.088560,3.676167,0.096145,3.860872
949,0.196096,4.098881,0.091526,4.386503
950,0.090273,3.777031,0.103178,3.970482
951,0.090123,3.535918,0.085704,3.711745
952,0.085143,3.941808,0.104060,4.131011
953,0.085986,3.562699,0.102657,3.751342
954,0.086326,3.769536,0.093340,3.949202
955,0.083180,3.574321,0.089783,3.747284
956,0.088640,4.039344,0.135752,4.263736
957,0.090835,3.578008,0.089161,3.758004
958,0.088580,3.791629,0.093740,3.973949
959,0.087990,3.645247,0.088760,3.821997
960,0.088901,5.371935,0.148607,5.609443
961,0.094391,4.561720,0.092658,4.748769
962,0.088470,3.749728,0.091957,3.930155
963,0.085885,4.068470,0.164938,4.319293
964,0.125372,3.691797,0.095824,3.912993
965,0.089242,3.774255,0.092959,3.956456
966,0.092187,3.849810,0.117426,4.059423
967,0.089452,3.689421,0.155981,3.934854
968,0.091435,3.564513,0.088630,3.744578
969,0.088119,6.262639,0.267485,6.618243
970,0.088390,3.729267,0.131966,3.949623
971,0.105521,3.684575,0.093690,3.883786
972,0.092548,3.500750,0.088881,3.682179
973,0.088931,3.558541,0.088550,3.736022
974,0.088851,3.684242,0.096185,3.869278
975,1.020090,3.601684,0.091206,4.712980
976,0.088831,3.564482,0.093229,3.746542
977,0.091867,3.534475,0.088921,3.715263
978,0.088590,4.732256,0.135933,4.956779
979,0.090924,3.606644,0.088921,3.786489
980,0.088510,3.558601,0.089362,3.736473
981,0.088921,3.521499,0.092137,3.702557
982,0.091837,4.620811,0.120112,4.832760
983,0.091155,3.574311,0.088821,3.754287
984,0.088240,3.571766,0.089031,3.749037
985,0.088520,3.619187,0.088781,3.796488
986,0.088370,3.936126,0.198332,4.222828
987,0.091456,3.560334,0.093189,3.744979
988,0.092678,3.574101,0.089071,3.755850
989,0.117566,3.552058,0.088921,3.758545
990,0.088640,5.089512,0.173646,5.351798
991,0.108769,3.981482,0.100022,4.190273
992,0.096305,3.593888,0.095444,3.785637
993,0.104310,3.667081,0.486415,4.257806
994,0.133197,3.860151,0.122636,4.115984
995,0.092017,3.727105,0.089623,3.908745
996,0.088640,3.705684,0.092347,3.886671
997,0.092588,3.972986,0.200365,4.265939
998,0.125473,3.689322,0.089783,3.904578
999,0.088811,3.529424,0.089653,3.707888
