Iteration,Transfer_ms,Inference_ms,Total_ms
0,0.000411,3.376110,3.376521
1,0.000060,3.781198,3.781258
2,0.000070,3.591504,3.591574
3,0.000060,3.491000,3.491060
4,0.000200,3.534465,3.534665
5,0.000060,3.349479,3.349539
6,0.000050,3.440294,3.440344
7,0.000210,4.096665,4.096875
8,0.000200,3.395618,3.395818
9,0.000221,3.428370,3.428591
10,0.000060,3.546217,3.546277
11,0.000050,3.532891,3.532941
12,0.000231,3.380208,3.380439
13,0.000060,3.332546,3.332606
14,0.000060,3.317307,3.317367
15,0.000051,3.568128,3.568179
16,0.000060,3.507433,3.507493
17,0.000210,3.314341,3.314551
18,0.000060,3.386830,3.386890
19,0.000050,3.330693,3.330743
20,0.000060,3.740008,3.740068
21,0.000220,3.389767,3.389987
22,0.000060,3.307277,3.307337
23,0.000051,3.305634,3.305685
24,0.000050,3.319061,3.319111
25,0.000060,3.427278,3.427338
26,0.000251,3.296246,3.296497
27,0.000051,3.372292,3.372343
28,0.000050,3.311917,3.311967
29,0.000061,3.388082,3.388143
30,0.000050,3.582707,3.582757
31,0.000210,3.362404,3.362614
32,0.000060,3.305444,3.305504
33,0.000050,3.373625,3.373675
34,0.000060,3.328819,3.328879
35,0.000060,3.338457,3.338517
36,0.000200,3.425264,3.425464
37,0.000060,3.486161,3.486221
38,0.000061,3.295164,3.295225
39,0.000060,4.568542,4.568602
40,0.000210,3.301487,3.301697
41,0.000060,3.331294,3.331354
42,0.000050,3.325593,3.325643
43,0.000060,3.337275,3.337335
44,0.000221,3.389716,3.389937
45,0.000060,3.274405,3.274465
46,0.000060,3.776961,3.777021
47,0.000101,6.030171,6.030272
48,0.000100,5.937383,5.937483
49,0.000100,5.994984,5.995084
50,0.000100,6.025914,6.026014
51,0.000260,6.407810,6.408070
52,0.000111,6.315731,6.315842
53,0.000100,6.351969,6.352069
54,0.000110,6.111329,6.111439
55,0.000261,6.926545,6.926806
56,0.000090,6.402117,6.402207
57,0.000110,7.039452,7.039562
58,0.000100,5.992820,5.992920
59,0.000100,6.485737,6.485837
60,0.000251,6.123882,6.124133
61,0.000100,6.180481,6.180581
62,0.000121,6.331521,6.331642
63,0.000261,6.022096,6.022357
64,0.000101,7.067747,7.067848
65,0.000130,5.586679,5.586809
66,0.000060,3.457947,3.458007
67,0.000060,3.321465,3.321525
68,0.000060,3.692419,3.692479
69,0.000060,3.375318,3.375378
70,0.000060,3.295175,3.295235
71,0.000050,3.302739,3.302789
72,0.000060,3.459450,3.459510
73,0.000060,4.697100,4.697160
74,0.000200,3.326395,3.326595
75,0.000060,3.366252,3.366312
76,0.000060,3.310194,3.310254
77,0.000050,4.496444,4.496494
78,0.000210,3.309963,3.310173
79,0.000060,3.421758,3.421818
80,0.000060,3.458389,3.458449
81,0.000061,3.644606,3.644667
82,0.000211,3.484338,3.484549
83,0.000060,3.374406,3.374466
84,0.000050,3.332907,3.332957
85,0.000061,3.325412,3.325473
86,0.000050,3.759126,3.759176
87,0.000201,3.383604,3.383805
88,0.000060,3.356051,3.356111
89,0.000061,3.384476,3.384537
90,0.000050,5.211316,5.211366
91,0.000120,3.812960,3.813080
92,0.000060,3.314342,3.314402
93,0.000051,3.270276,3.270327
94,0.000050,4.217969,4.218019
95,0.000211,3.443930,3.444141
96,0.000070,3.508154,3.508224
97,0.000060,3.331214,3.331274
98,0.000060,3.306556,3.306616
99,0.000070,3.449160,3.449230
100,0.000050,3.505148,3.505198
101,0.000070,3.425776,3.425846
102,0.000210,3.309773,3.309983
103,0.000060,3.400286,3.400346
104,0.000050,3.359638,3.359688
105,0.000050,3.505409,3.505459
106,0.000070,3.453769,3.453839
107,0.000061,3.285375,3.285436
108,0.000060,3.504416,3.504476
109,0.000211,3.359147,3.359358
110,0.000061,3.599218,3.599279
111,0.000060,3.321796,3.321856
112,0.000050,4.163013,4.163063
113,0.000140,4.350854,4.350994
114,0.000220,3.715142,3.715362
115,0.000060,3.694933,3.694993
116,0.000220,3.742634,3.742854
117,0.000230,3.686176,3.686406
118,0.000070,3.749808,3.749878
119,0.000080,3.602706,3.602786
120,0.000050,3.376112,3.376162
121,0.000060,3.482414,3.482474
122,0.000060,3.404455,3.404515
123,0.000060,3.511951,3.512011
124,0.000050,3.408322,3.408372
125,0.000060,3.546546,3.546606
126,0.000070,3.395818,3.395888
127,0.000050,3.352996,3.353046
128,0.000050,3.360850,3.360900
129,0.000060,3.361682,3.361742
130,0.000061,4.364348,4.364409
131,0.000201,3.379386,3.379587
132,0.000070,3.423080,3.423150
133,0.000050,3.634487,3.634537
134,0.000070,3.750440,3.750510
135,0.000060,3.288792,3.288852
136,0.000140,3.330983,3.331123
137,0.000050,3.333488,3.333538
138,0.000130,4.273215,4.273345
139,0.000060,3.363857,3.363917
140,0.000060,3.310314,3.310374
141,0.000050,3.403773,3.403823
142,0.000060,3.395276,3.395336
143,0.000070,4.711748,4.711818
144,0.000051,3.284844,3.284895
145,0.000050,3.367594,3.367644
146,0.000050,3.298612,3.298662
147,0.000050,4.248349,4.248399
148,0.000060,3.332326,3.332386
149,0.000061,3.407931,3.407992
150,0.000050,3.378514,3.378564
151,0.000061,4.002943,4.003004
152,0.000150,4.668785,4.668935
153,0.000060,3.394706,3.394766
154,0.000060,3.304903,3.304963
155,0.000050,3.276408,3.276458
156,0.000251,3.584100,3.584351
157,0.000060,3.487174,3.487234
158,0.000050,3.292148,3.292198
159,0.000050,3.339289,3.339339
160,0.000050,3.726393,3.726443
161,0.000060,3.668562,3.668622
162,0.000050,3.313730,3.313780
163,0.000060,3.322958,3.323018
164,0.000050,3.309492,3.309542
165,0.000060,4.862730,4.862790
166,0.000060,3.448058,3.448118
167,0.000060,3.372503,3.372563
168,0.000050,3.341604,3.341654
169,0.000060,5.013737,5.013797
170,0.000210,3.635519,3.635729
171,0.000050,3.272140,3.272190
172,0.000050,3.356191,3.356241
173,0.000060,3.396389,3.396449
174,0.000280,3.388855,3.389135
175,0.000060,3.675585,3.675645
176,0.000060,3.315874,3.315934
177,0.000050,3.365830,3.365880
178,0.000060,3.350921,3.350981
179,0.000060,3.370399,3.370459
180,0.000060,3.619027,3.619087
181,0.000060,3.329891,3.329951
182,0.000050,3.382232,3.382282
183,0.000210,3.403924,3.404134
184,0.000051,3.439992,3.440043
185,0.000071,3.588918,3.588989
186,0.000050,3.317327,3.317377
187,0.000060,3.371311,3.371371
188,0.000050,3.290155,3.290205
189,0.000060,3.420946,3.421006
190,0.000060,3.628535,3.628595
191,0.000050,3.585182,3.585232
192,0.000211,3.271459,3.271670
193,0.000051,3.357594,3.357645
194,0.000060,3.526980,3.527040
195,0.000201,3.477044,3.477245
196,0.000050,3.477035,3.477085
197,0.000060,3.298632,3.298692
198,0.000060,3.291117,3.291177
199,0.000060,3.624978,3.625038
200,0.000211,5.407616,5.407827
201,0.000050,3.390417,3.390467
202,0.000060,3.315584,3.315644
203,0.000050,3.542631,3.542681
204,0.000191,3.678760,3.678951
205,0.000060,3.324841,3.324901
206,0.000050,3.307598,3.307648
207,0.000060,3.373245,3.373305
208,0.000050,3.413111,3.413161
209,0.000220,3.508986,3.509206
210,0.000211,3.354017,3.354228
211,0.000060,3.331194,3.331254
212,0.000060,3.309421,3.309481
213,0.000050,3.378114,3.378164
214,0.000210,3.453068,3.453278
215,0.000201,3.297319,3.297520
216,0.000050,3.375218,3.375268
217,0.000060,3.344450,3.344510
218,0.000060,5.144922,5.144982
219,0.000281,3.693390,3.693671
220,0.000081,3.771239,3.771320
221,0.000071,8.034123,8.034194
222,0.000070,3.854009,3.854079
223,0.000060,3.303200,3.303260
224,0.000060,3.389767,3.389827
225,0.000050,3.614157,3.614207
226,0.000060,3.374597,3.374657
227,0.000060,3.274054,3.274114
228,0.000060,3.405066,3.405126
229,0.000220,3.348958,3.349178
230,0.000050,3.869478,3.869528
231,0.000070,3.841184,3.841254
232,0.000201,3.397351,3.397552
233,0.000050,3.289874,3.289924
234,0.000061,3.388804,3.388865
235,0.000211,3.312217,3.312428
236,0.000060,3.325473,3.325533
237,0.000050,3.355671,3.355721
238,0.000050,3.297088,3.297138
239,0.000060,3.374738,3.374798
240,0.000201,3.374838,3.375039
241,0.000230,3.283212,3.283442
242,0.000050,3.417961,3.418011
243,0.000060,3.341594,3.341654
244,0.000050,3.887523,3.887573
245,0.000211,3.360810,3.361021
246,0.000460,3.301928,3.302388
247,0.000050,3.333478,3.333528
248,0.000061,3.431055,3.431116
249,0.000060,3.313399,3.313459
250,0.000060,3.359137,3.359197
251,0.000060,3.347906,3.347966
252,0.000060,3.297970,3.298030
253,0.000061,3.361912,3.361973
254,0.000061,3.368535,3.368596
255,0.000050,3.316124,3.316174
256,0.000050,3.278312,3.278362
257,0.000050,3.329711,3.329761
258,0.000060,3.455854,3.455914
259,0.000220,3.382403,3.382623
260,0.000050,3.330131,3.330181
261,0.000060,3.310163,3.310223
262,0.000050,3.306997,3.307047
263,0.000130,3.325172,3.325302
264,0.000061,3.327677,3.327738
265,0.000060,3.276960,3.277020
266,0.000060,3.349549,3.349609
267,0.000050,3.344289,3.344339
268,0.000050,3.366251,3.366301
269,0.000050,3.357465,3.357515
270,0.000060,3.297419,3.297479
271,0.000050,3.281057,3.281107
272,0.000050,3.487494,3.487544
273,0.000070,3.950515,3.950585
274,0.000090,3.467215,3.467305
275,0.000060,3.379877,3.379937
276,0.000060,3.309652,3.309712
277,0.000060,3.611612,3.611672
278,0.000211,3.382702,3.382913
279,0.000060,3.308440,3.308500
280,0.000060,3.278182,3.278242
281,0.000060,3.500810,3.500870
282,0.000200,3.340141,3.340341
283,0.000251,3.297799,3.298050
284,0.000060,3.407090,3.407150
285,0.000200,3.309783,3.309983
286,0.000060,3.454110,3.454170
287,0.000060,3.350260,3.350320
288,0.000060,3.292269,3.292329
289,0.000060,3.288021,3.288081
290,0.000051,3.355209,3.355260
291,0.000050,3.349850,3.349900
292,0.000051,3.273893,3.273944
293,0.000050,3.341083,3.341133
294,0.000050,3.311826,3.311876
295,0.000060,4.477369,4.477429
296,0.000210,3.407621,3.407831
297,0.000060,3.312407,3.312467
298,0.000060,3.392872,3.392932
299,0.000060,3.852245,3.852305
300,0.000060,3.376721,3.376781
301,0.000050,3.387742,3.387792
302,0.000060,3.316405,3.316465
303,0.000050,4.148292,4.148342
304,0.000250,4.171269,4.171519
305,0.000060,3.297439,3.297499
306,0.000060,3.270968,3.271028
307,0.000050,3.339459,3.339509
308,0.000050,3.485580,3.485630
309,0.000070,3.482134,3.482204
310,0.000060,3.345451,3.345511
311,0.000050,3.308871,3.308921
312,0.000060,3.397050,3.397110
313,0.000201,3.623756,3.623957
314,0.000070,3.421687,3.421757
315,0.000060,3.295254,3.295314
316,0.000060,3.341634,3.341694
317,0.000060,3.532952,3.533012
318,0.000301,3.626631,3.626932
319,0.000070,3.360050,3.360120
320,0.000121,3.405687,3.405808
321,0.000060,3.520397,3.520457
322,0.000070,3.342025,3.342095
323,0.000060,3.658834,3.658894
324,0.000061,3.371501,3.371562
325,0.000050,3.328659,3.328709
326,0.000060,3.647762,3.647822
327,0.000210,3.409615,3.409825
328,0.000070,3.552028,3.552098
329,0.000050,3.421728,3.421778
330,0.000060,4.400982,4.401042
331,0.000260,3.954642,3.954902
332,0.000060,3.560054,3.560114
333,0.000060,3.377663,3.377723
334,0.000061,3.310123,3.310184
335,0.000060,4.061907,4.061967
336,0.000060,3.374688,3.374748
337,0.000060,3.355140,3.355200
338,0.000060,3.390367,3.390427
339,0.000050,3.631662,3.631712
340,0.000210,3.953420,3.953630
341,0.000080,5.326898,5.326978
342,0.000070,3.306125,3.306195
343,0.000060,3.629637,3.629697
344,0.000060,3.291598,3.291658
345,0.000050,3.403242,3.403292
346,0.000050,3.704311,3.704361
347,0.000060,3.990060,3.990120
348,0.000330,3.500228,3.500558
349,0.000210,3.322156,3.322366
350,0.000050,3.478667,3.478717
351,0.000060,3.469409,3.469469
352,0.000060,3.555876,3.555936
353,0.000210,3.385819,3.386029
354,0.000060,3.284443,3.284503
355,0.000050,3.564382,3.564432
356,0.000070,4.283326,4.283396
357,0.000120,3.752774,3.752894
358,0.000060,3.324280,3.324340
359,0.000060,3.495640,3.495700
360,0.000050,3.541337,3.541387
361,0.000060,3.441476,3.441536
362,0.000060,3.458569,3.458629
363,0.000060,3.391821,3.391881
364,0.000051,3.482715,3.482766
365,0.000210,3.589310,3.589520
366,0.000220,3.380669,3.380889
367,0.000060,3.328248,3.328308
368,0.000060,3.320664,3.320724
369,0.000060,3.771900,3.771960
370,0.000060,3.526580,3.526640
371,0.000210,3.320573,3.320783
372,0.000060,3.359458,3.359518
373,0.000060,3.325162,3.325222
374,0.000061,3.484197,3.484258
375,0.000060,3.421257,3.421317
376,0.000070,3.312247,3.312317
377,0.000070,3.347525,3.347595
378,0.000060,3.835302,3.835362
379,0.000060,4.724762,4.724822
380,0.000211,3.353897,3.354108
381,0.000060,3.271349,3.271409
382,0.000060,3.317798,3.317858
383,0.000060,4.043232,4.043292
384,0.000060,3.427649,3.427709
385,0.000060,3.295455,3.295515
386,0.000050,3.365660,3.365710
387,0.000061,3.308600,3.308661
388,0.000230,3.599800,3.600030
389,0.000070,3.436496,3.436566
390,0.000060,3.297629,3.297689
391,0.000050,3.310955,3.311005
392,0.000050,3.459711,3.459761
393,0.000220,3.547890,3.548110
394,0.000070,3.397451,3.397521
395,0.000060,3.316997,3.317057
396,0.000061,3.387472,3.387533
397,0.000060,3.338769,3.338829
398,0.000060,3.642843,3.642903
399,0.000061,3.321394,3.321455
400,0.000050,3.312818,3.312868
401,0.000050,4.846077,4.846127
402,0.000210,3.375339,3.375549
403,0.000060,3.420125,3.420185
404,0.000060,3.296788,3.296848
405,0.000060,3.458839,3.458899
406,0.000061,3.404965,3.405026
407,0.000060,3.398183,3.398243
408,0.000060,3.301797,3.301857
409,0.000050,3.376912,3.376962
410,0.000060,4.826167,4.826227
411,0.000271,3.340982,3.341253
412,0.000070,3.664595,3.664665
413,0.000060,3.408072,3.408132
414,0.000050,3.811637,3.811687
415,0.000261,3.288552,3.288813
416,0.000050,3.366743,3.366793
417,0.000070,3.657691,3.657761
418,0.000050,3.279343,3.279393
419,0.000060,3.441045,3.441105
420,0.000061,3.398913,3.398974
421,0.000050,3.401729,3.401779
422,0.000061,3.606493,3.606554
423,0.000050,3.717034,3.717084
424,0.000301,3.323839,3.324140
425,0.000050,3.287590,3.287640
426,0.000050,3.544203,3.544253
427,0.000060,3.563852,3.563912
428,0.000070,3.511640,3.511710
429,0.000061,3.273021,3.273082
430,0.000050,3.391479,3.391529
431,0.000060,3.670837,3.670897
432,0.000060,3.646961,3.647021
433,0.000050,3.294824,3.294874
434,0.000051,3.406077,3.406128
435,0.000060,3.303671,3.303731
436,0.000050,3.601754,3.601804
437,0.000060,3.445844,3.445904
438,0.000211,3.314511,3.314722
439,0.000060,3.349780,3.349840
440,0.000050,3.364428,3.364478
441,0.000070,3.646630,3.646700
442,0.000200,3.314031,3.314231
443,0.000050,3.369166,3.369216
444,0.000050,3.307117,3.307167
445,0.000050,3.369757,3.369807
446,0.000060,3.672369,3.672429
447,0.000050,3.340872,3.340922
448,0.000050,3.397832,3.397882
449,0.000060,3.318689,3.318749
450,0.000050,4.114870,4.114920
451,0.000060,3.597475,3.597535
452,0.000060,3.342686,3.342746
453,0.000050,3.293141,3.293191
454,0.000060,3.305043,3.305103
455,0.000050,3.750229,3.750279
456,0.000070,3.435164,3.435234
457,0.000050,3.333619,3.333669
458,0.000060,3.333378,3.333438
459,0.000060,3.301717,3.301777
460,0.000060,3.805485,3.805545
461,0.000050,3.294173,3.294223
462,0.000050,3.315944,3.315994
463,0.000060,3.351783,3.351843
464,0.000051,4.872587,4.872638
465,0.000331,3.522381,3.522712
466,0.000050,3.415676,3.415726
467,0.000050,3.345080,3.345130
468,0.000050,3.331214,3.331264
469,0.000060,3.384967,3.385027
470,0.000050,3.332355,3.332405
471,0.000060,3.284313,3.284373
472,0.000060,3.366312,3.366372
473,0.000060,3.446696,3.446756
474,0.000050,3.349339,3.349389
475,0.000050,3.397131,3.397181
476,0.000060,3.344269,3.344329
477,0.000050,3.299663,3.299713
478,0.000061,3.448549,3.448610
479,0.000060,3.381320,3.381380
480,0.000200,3.313290,3.313490
481,0.000050,3.367764,3.367814
482,0.000050,3.364928,3.364978
483,0.000070,3.392742,3.392812
484,0.000060,3.417009,3.417069
485,0.000201,3.349088,3.349289
486,0.000050,3.284474,3.284524
487,0.000060,3.515618,3.515678
488,0.000210,3.429834,3.430044
489,0.000060,3.474259,3.474319
490,0.000210,3.328439,3.328649
491,0.000060,3.400758,3.400818
492,0.000050,3.998286,3.998336
493,0.000191,3.416588,3.416779
494,0.000221,3.342315,3.342536
495,0.000060,3.364348,3.364408
496,0.000050,4.121854,4.121904
497,0.000211,3.343788,3.343999
498,0.000060,3.569963,3.570023
499,0.000231,3.387642,3.387873
500,0.000050,3.580964,3.581014
501,0.000070,3.400347,3.400417
502,0.000050,3.314271,3.314321
503,0.000050,3.539905,3.539955
504,0.000050,3.393213,3.393263
505,0.000060,3.750080,3.750140
506,0.000201,3.856183,3.856384
507,0.000230,10.784320,10.784550
508,0.000220,3.508605,3.508825
509,0.000210,3.294514,3.294724
510,0.000060,3.455673,3.455733
511,0.000070,3.553221,3.553291
512,0.000060,3.927209,3.927269
513,0.000220,3.768965,3.769185
514,0.000080,3.785888,3.785968
515,0.000230,3.575503,3.575733
516,0.000251,3.832227,3.832478
517,0.000201,3.296717,3.296918
518,0.000060,3.401439,3.401499
519,0.000071,3.310684,3.310755
520,0.000050,3.869108,3.869158
521,0.000061,3.638213,3.638274
522,0.000210,3.309492,3.309702
523,0.000050,3.424854,3.424904
524,0.000060,3.405075,3.405135
525,0.000070,4.993860,4.993930
526,0.000191,3.386730,3.386921
527,0.000060,3.311185,3.311245
528,0.000060,3.340251,3.340311
529,0.000091,3.565023,3.565114
530,0.000061,3.346222,3.346283
531,0.000051,3.389265,3.389316
532,0.000060,3.337145,3.337205
533,0.000060,3.426867,3.426927
534,0.000221,3.390708,3.390929
535,0.000220,3.387402,3.387622
536,0.000050,3.333759,3.333809
537,0.000060,3.307849,3.307909
538,0.000060,3.475832,3.475892
539,0.000050,3.362193,3.362243
540,0.000060,3.427589,3.427649
541,0.000050,3.360069,3.360119
542,0.000060,3.323559,3.323619
543,0.000060,3.620049,3.620109
544,0.000200,3.460933,3.461133
545,0.000060,3.288972,3.289032
546,0.000060,3.346092,3.346152
547,0.000060,3.663774,3.663834
548,0.000070,3.595923,3.595993
549,0.000050,3.431236,3.431286
550,0.000050,3.427268,3.427318
551,0.000050,3.323599,3.323649
552,0.000050,3.469950,3.470000
553,0.000060,3.598308,3.598368
554,0.000200,3.351814,3.352014
555,0.000050,3.332005,3.332055
556,0.000060,4.444563,4.444623
557,0.000281,4.165748,4.166029
558,0.000071,3.598898,3.598969
559,0.000060,3.333137,3.333197
560,0.000060,3.354007,3.354067
561,0.000080,3.359108,3.359188
562,0.000050,3.379627,3.379677
563,0.000070,3.598749,3.598819
564,0.000050,4.526351,4.526401
565,0.000061,4.531130,4.531191
566,0.000321,3.637943,3.638264
567,0.000070,3.592877,3.592947
568,0.000060,3.337235,3.337295
569,0.000050,4.243077,4.243127
570,0.000220,3.365379,3.365599
571,0.000201,3.500358,3.500559
572,0.000070,3.482224,3.482294
573,0.000060,3.648724,3.648784
574,0.000210,3.337536,3.337746
575,0.000060,3.299663,3.299723
576,0.000050,3.589330,3.589380
577,0.000060,3.383625,3.383685
578,0.000060,3.348347,3.348407
579,0.000060,3.299353,3.299413
580,0.000050,3.355200,3.355250
581,0.000051,3.626040,3.626091
582,0.000050,3.458689,3.458739
583,0.000210,3.327607,3.327817
584,0.000061,3.327326,3.327387
585,0.000050,3.321846,3.321896
586,0.000060,3.675305,3.675365
587,0.000060,3.544474,3.544534
588,0.000191,3.301486,3.301677
589,0.000060,3.390337,3.390397
590,0.000060,3.349809,3.349869
591,0.000070,4.298082,4.298152
592,0.000210,3.371682,3.371892
593,0.000060,3.302318,3.302378
594,0.000060,3.312037,3.312097
595,0.000050,3.563971,3.564021
596,0.000070,4.155007,4.155077
597,0.000211,3.353456,3.353667
598,0.000060,3.315394,3.315454
599,0.000060,3.418552,3.418612
600,0.000060,4.293313,4.293373
601,0.000061,3.334339,3.334400
602,0.000060,3.285876,3.285936
603,0.000061,3.358997,3.359058
604,0.000050,3.342525,3.342575
605,0.000071,3.443279,3.443350
606,0.000061,3.357264,3.357325
607,0.000050,3.331364,3.331414
608,0.000060,3.555595,3.555655
609,0.000060,3.428311,3.428371
610,0.000221,3.399274,3.399495
611,0.000060,3.287259,3.287319
612,0.000060,3.373625,3.373685
613,0.000050,3.309643,3.309693
614,0.000050,3.553752,3.553802
615,0.000050,3.395627,3.395677
616,0.000050,3.314271,3.314321
617,0.000060,3.405887,3.405947
618,0.000061,3.357474,3.357535
619,0.000050,3.503946,3.503996
620,0.000200,3.379577,3.379777
621,0.000060,3.396439,3.396499
622,0.000060,3.308580,3.308640
623,0.000051,3.443570,3.443621
624,0.000060,3.612645,3.612705
625,0.000060,3.457307,3.457367
626,0.000060,3.366051,3.366111
627,0.000070,3.362374,3.362444
628,0.000050,5.799549,5.799599
629,0.000281,3.971735,3.972016
630,0.000070,3.963880,3.963950
631,0.000080,5.307120,5.307200
632,0.000171,3.805255,3.805426
633,0.000070,3.434282,3.434352
634,0.000060,3.399786,3.399846
635,0.000050,3.912573,3.912623
636,0.000120,4.554105,4.554225
637,0.000060,3.360991,3.361051
638,0.000051,3.324701,3.324752
639,0.000050,3.482022,3.482072
640,0.000060,3.437758,3.437818
641,0.000060,3.440173,3.440233
642,0.000141,3.420806,3.420947
643,0.000060,3.311546,3.311606
644,0.000060,3.357014,3.357074
645,0.000060,3.439141,3.439201
646,0.000050,3.377423,3.377473
647,0.000050,3.324180,3.324230
648,0.000060,3.372113,3.372173
649,0.000060,3.504777,3.504837
650,0.000210,3.408372,3.408582
651,0.000060,3.416839,3.416899
652,0.000190,3.505339,3.505529
653,0.000210,3.420355,3.420565
654,0.000050,3.334259,3.334309
655,0.000060,3.340943,3.341003
656,0.000060,3.362714,3.362774
657,0.000060,3.346803,3.346863
658,0.000060,3.483477,3.483537
659,0.000060,3.385709,3.385769
660,0.000060,3.281819,3.281879
661,0.000060,3.387131,3.387191
662,0.000210,3.390708,3.390918
663,0.000060,3.672601,3.672661
664,0.000060,3.325694,3.325754
665,0.000060,3.381952,3.382012
666,0.000060,3.509947,3.510007
667,0.000210,4.635760,4.635970
668,0.000280,3.723929,3.724209
669,0.000051,3.297018,3.297069
670,0.000050,3.384897,3.384947
671,0.000060,3.577177,3.577237
672,0.000080,3.406088,3.406168
673,0.000050,3.292159,3.292209
674,0.000060,3.336964,3.337024
675,0.000050,3.433891,3.433941
676,0.000070,3.594520,3.594590
677,0.000211,3.369026,3.369237
678,0.000050,3.330954,3.331004
679,0.000060,3.308089,3.308149
680,0.000060,3.494548,3.494608
681,0.000061,3.526979,3.527040
682,0.000050,3.364157,3.364207
683,0.000060,3.332466,3.332526
684,0.000050,3.360941,3.360991
685,0.000061,4.458039,4.458100
686,0.000050,3.348226,3.348276
687,0.000050,3.307949,3.307999
688,0.000050,3.368315,3.368365
689,0.000070,3.330492,3.330562
690,0.000060,3.703569,3.703629
691,0.000060,3.369166,3.369226
692,0.000060,3.294193,3.294253
693,0.000050,3.423360,3.423410
694,0.000050,3.664966,3.665016
695,0.000151,4.081597,4.081748
696,0.000050,3.364017,3.364067
697,0.000060,3.367794,3.367854
698,0.000060,3.346844,3.346904
699,0.000050,4.389257,4.389307
700,0.000210,3.344569,3.344779
701,0.000050,3.432208,3.432258
702,0.000060,3.393042,3.393102
703,0.000061,3.597304,3.597365
704,0.000060,3.352716,3.352776
705,0.000061,3.412459,3.412520
706,0.000050,3.332877,3.332927
707,0.000060,3.287079,3.287139
708,0.000050,3.562919,3.562969
709,0.000050,3.337245,3.337295
710,0.000050,3.383935,3.383985
711,0.000051,3.376641,3.376692
712,0.000060,3.459931,3.459991
713,0.000050,3.310503,3.310553
714,0.000050,3.448960,3.449010
715,0.000070,3.310084,3.310154
716,0.000060,3.300224,3.300284
717,0.000060,5.093150,5.093210
718,0.000050,3.584891,3.584941
719,0.000060,3.399435,3.399495
720,0.000060,3.313059,3.313119
721,0.000050,4.967230,4.967280
722,0.000070,3.395678,3.395748
723,0.000061,3.351242,3.351303
724,0.000060,3.307368,3.307428
725,0.000060,3.824041,3.824101
726,0.000060,3.371852,3.371912
727,0.000050,3.348296,3.348346
728,0.000210,3.431396,3.431606
729,0.000050,3.450914,3.450964
730,0.000050,3.426657,3.426707
731,0.000061,3.305163,3.305224
732,0.000050,3.362814,3.362864
733,0.000060,3.368906,3.368966
734,0.000060,5.146203,5.146263
735,0.000060,3.386260,3.386320
736,0.000060,3.375299,3.375359
737,0.000070,3.590462,3.590532
738,0.000060,3.403633,3.403693
739,0.000210,3.341183,3.341393
740,0.000060,3.288592,3.288652
741,0.000060,3.379637,3.379697
742,0.000070,3.598778,3.598848
743,0.000060,3.449792,3.449852
744,0.000140,3.321716,3.321856
745,0.000050,3.327827,3.327877
746,0.000060,3.420956,3.421016
747,0.000060,3.554132,3.554192
748,0.000240,3.375309,3.375549
749,0.000061,3.327677,3.327738
750,0.000050,3.286938,3.286988
751,0.000060,3.469950,3.470010
752,0.000070,3.733577,3.733647
753,0.000220,3.324481,3.324701
754,0.000060,3.330944,3.331004
755,0.000061,3.306756,3.306817
756,0.000060,3.573700,3.573760
757,0.000221,4.095754,4.095975
758,0.000070,3.346042,3.346112
759,0.000060,3.413492,3.413552
760,0.000061,3.493065,3.493126
761,0.000060,4.201336,4.201396
762,0.000060,3.360790,3.360850
763,0.000050,3.283282,3.283332
764,0.000050,3.349769,3.349819
765,0.000060,3.801429,3.801489
766,0.000201,3.328529,3.328730
767,0.000060,3.354990,3.355050
768,0.000050,3.351884,3.351934
769,0.000060,3.434162,3.434222
770,0.000061,4.472747,4.472808
771,0.000201,3.358285,3.358486
772,0.000060,3.307789,3.307849
773,0.000050,3.394376,3.394426
774,0.000050,3.705553,3.705603
775,0.000061,3.384596,3.384657
776,0.000060,3.351213,3.351273
777,0.000060,3.328358,3.328418
778,0.000050,3.424423,3.424473
779,0.000071,3.718378,3.718449
780,0.000200,3.878356,3.878556
781,0.000251,3.692598,3.692849
782,0.000060,3.371181,3.371241
783,0.000060,3.347234,3.347294
784,0.000050,3.480250,3.480300
785,0.000060,3.384136,3.384196
786,0.000050,3.354719,3.354769
787,0.000060,3.762693,3.762753
788,0.000150,3.672890,3.673040
789,0.000050,3.769507,3.769557
790,0.000151,7.948529,7.948680
791,0.000080,3.587156,3.587236
792,0.000050,3.461975,3.462025
793,0.000060,3.430895,3.430955
794,0.000061,3.310714,3.310775
795,0.000060,3.424704,3.424764
796,0.000140,3.384567,3.384707
797,0.000060,3.584320,3.584380
798,0.000060,3.305915,3.305975
799,0.000141,3.297178,3.297319
800,0.000050,3.372724,3.372774
801,0.000130,3.313660,3.313790
802,0.000191,3.576465,3.576656
803,0.000050,3.355320,3.355370
804,0.000050,3.343317,3.343367
805,0.000141,3.288842,3.288983
806,0.000060,3.370019,3.370079
807,0.000061,3.534073,3.534134
808,0.000060,3.295876,3.295936
809,0.000060,5.073282,5.073342
810,0.000151,3.323519,3.323670
811,0.000060,3.401018,3.401078
812,0.000050,3.393283,3.393333
813,0.000061,4.352857,4.352918
814,0.000141,3.356392,3.356533
815,0.000060,3.310383,3.310443
816,0.000060,3.541378,3.541438
817,0.000050,3.340381,3.340431
818,0.000060,3.310274,3.310334
819,0.000060,3.372383,3.372443
820,0.000050,3.282661,3.282711
821,0.000060,3.531238,3.531298
822,0.000071,3.379786,3.379857
823,0.000050,3.319561,3.319611
824,0.000050,3.307578,3.307628
825,0.000061,3.304913,3.304974
826,0.000060,3.364137,3.364197
827,0.000150,3.313129,3.313279
828,0.000050,3.405276,3.405326
829,0.000060,3.310624,3.310684
830,0.000060,3.298642,3.298702
831,0.000060,3.353517,3.353577
832,0.000131,3.332466,3.332597
833,0.000050,3.297389,3.297439
834,0.000050,3.330913,3.330963
835,0.000061,3.774124,3.774185
836,0.000130,4.538675,4.538805
837,0.000060,3.364858,3.364918
838,0.000060,3.322577,3.322637
839,0.000050,3.295775,3.295825
840,0.000060,3.403453,3.403513
841,0.000141,3.385738,3.385879
842,0.000060,3.306416,3.306476
843,0.000060,3.310193,3.310253
844,0.000060,3.408332,3.408392
845,0.000080,3.622424,3.622504
846,0.000160,3.296938,3.297098
847,0.000060,3.347245,3.347305
848,0.000050,3.290595,3.290645
849,0.000050,3.310293,3.310343
850,0.000060,3.353106,3.353166
851,0.000060,3.298882,3.298942
852,0.000060,3.286608,3.286668
853,0.000050,3.315303,3.315353
854,0.000050,4.802964,4.803014
855,0.000060,3.691175,3.691235
856,0.000131,3.308991,3.309122
857,0.000060,3.362234,3.362294
858,0.000060,4.978289,4.978349
859,0.000140,3.407240,3.407380
860,0.000080,3.431367,3.431447
861,0.000070,3.350952,3.351022
862,0.000060,3.432829,3.432889
863,0.000140,3.309682,3.309822
864,0.000050,3.337626,3.337676
865,0.000060,3.286618,3.286678
866,0.000050,3.337035,3.337085
867,0.000071,3.545004,3.545075
868,0.000140,3.305324,3.305464
869,0.000050,3.281367,3.281417
870,0.000050,3.383875,3.383925
871,0.000050,3.390889,3.390939
872,0.000081,3.306276,3.306357
873,0.000050,3.309662,3.309712
874,0.000050,3.291136,3.291186
875,0.000050,3.297549,3.297599
876,0.000050,3.378444,3.378494
877,0.000050,3.312108,3.312158
878,0.000060,3.329531,3.329591
879,0.000050,3.296727,3.296777
880,0.000060,3.489077,3.489137
881,0.000070,3.898204,3.898274
882,0.000060,3.302769,3.302829
883,0.000060,3.310845,3.310905
884,0.000050,3.871484,3.871534
885,0.000130,4.909468,4.909598
886,0.000050,3.341404,3.341454
887,0.000060,3.331675,3.331735
888,0.000060,3.687709,3.687769
889,0.000071,4.466966,4.467037
890,0.000050,3.342015,3.342065
891,0.000050,3.323319,3.323369
892,0.000060,3.337155,3.337215
893,0.000061,4.553612,4.553673
894,0.000060,3.330251,3.330311
895,0.000060,3.347756,3.347816
896,0.000060,3.308981,3.309041
897,0.000060,3.462437,3.462497
898,0.000071,4.843420,4.843491
899,0.000130,3.306406,3.306536
900,0.000050,3.377373,3.377423
901,0.000050,3.328950,3.329000
902,0.000050,4.441600,4.441650
903,0.000080,3.603908,3.603988
904,0.000140,3.345722,3.345862
905,0.000060,3.364308,3.364368
906,0.000060,5.014578,5.014638
907,0.000150,6.341801,6.341951
908,0.000101,5.933085,5.933186
909,0.000101,6.829428,6.829529
910,0.000120,6.119704,6.119824
911,0.000100,6.665635,6.665735
912,0.000140,6.650084,6.650224
913,0.000191,6.186983,6.187174
914,0.000120,4.126603,4.126723
915,0.000130,3.377924,3.378054
916,0.000050,3.286899,3.286949
917,0.000050,3.344339,3.344389
918,0.000050,3.475722,3.475772
919,0.000050,3.351793,3.351843
920,0.000140,3.493947,3.494087
921,0.000061,3.310143,3.310204
922,0.000060,3.353607,3.353667
923,0.000070,3.428491,3.428561
924,0.000060,3.362284,3.362344
925,0.000050,3.333338,3.333388
926,0.000061,3.363545,3.363606
927,0.000060,3.471263,3.471323
928,0.000060,3.361512,3.361572
929,0.000060,3.408052,3.408112
930,0.000070,3.310794,3.310864
931,0.000060,3.350902,3.350962
932,0.000061,3.634808,3.634869
933,0.000061,3.403763,3.403824
934,0.000060,3.517161,3.517221
935,0.000140,3.340952,3.341092
936,0.000050,3.733737,3.733787
937,0.000280,6.370146,6.370426
938,0.000101,6.413829,6.413930
939,0.000110,6.056342,6.056452
940,0.000130,3.354999,3.355129
941,0.000061,3.453298,3.453359
942,0.000070,3.323509,3.323579
943,0.000060,3.404184,3.404244
944,0.000061,3.282039,3.282100
945,0.000050,3.327507,3.327557
946,0.000060,3.529234,3.529294
947,0.000061,3.560164,3.560225
948,0.000060,3.636831,3.636891
949,0.000141,3.352344,3.352485
950,0.000060,3.319611,3.319671
951,0.000060,3.551316,3.551376
952,0.000050,3.589490,3.589540
953,0.000140,3.297549,3.297689
954,0.000060,3.310735,3.310795
955,0.000050,3.306657,3.306707
956,0.000060,3.790888,3.790948
957,0.000050,3.338968,3.339018
958,0.000061,3.350831,3.350892
959,0.000060,3.316586,3.316646
960,0.000060,3.319491,3.319551
961,0.000060,3.672390,3.672450
962,0.000070,3.301607,3.301677
963,0.000050,3.305945,3.305995
964,0.000060,3.335021,3.335081
965,0.000060,3.345692,3.345752
966,0.000070,3.660316,3.660386
967,0.000050,3.369508,3.369558
968,0.000050,3.314792,3.314842
969,0.000060,3.299694,3.299754
970,0.000060,3.390518,3.390578
971,0.000211,3.472124,3.472335
972,0.000130,3.335412,3.335542
973,0.000050,3.335251,3.335301
974,0.000050,3.376280,3.376330
975,0.000050,3.742685,3.742735
976,0.000060,3.394275,3.394335
977,0.000051,3.301386,3.301437
978,0.000060,3.353987,3.354047
979,0.000060,3.304242,3.304302
980,0.000050,5.264541,5.264591
981,0.000130,3.361822,3.361952
982,0.000060,3.299242,3.299302
983,0.000060,3.367563,3.367623
984,0.000050,3.704092,3.704142
985,0.000140,3.345471,3.345611
986,0.000060,3.326886,3.326946
987,0.000060,3.359318,3.359378
988,0.000060,3.452987,3.453047
989,0.000060,3.375098,3.375158
990,0.000140,3.367795,3.367935
991,0.000050,3.373375,3.373425
992,0.000050,3.317528,3.317578
993,0.000060,4.379529,4.379589
994,0.000060,3.495180,3.495240
995,0.000060,3.368225,3.368285
996,0.000050,3.311576,3.311626
997,0.000050,3.334751,3.334801
998,0.000060,3.342244,3.342304
999,0.000060,3.549924,3.549984
