cycle,valid_in,ready_in,input_row,valid_out,ready_out,output_spikes
0,1,1,aaaaaaaaaaaaaaaaaaaaaaaaaaaaaaaaaaaaaaaaaaaaaaaaaaaaaaaaaaaaaaaa,x,1,0000000000000000000000000000000000000000000000000000000000000000
1,1,1,5555555555555555555555555555555555555555555555555555555555555555,x,1,0000000000000000000000000000000000000000000000000000000000000000
2,0,0,5555555555555555555555555555555555555555555555555555555555555555,x,1,0000000000000000000000000000000000000000000000000000000000000000
3,0,0,5555555555555555555555555555555555555555555555555555555555555555,x,1,0000000000000000000000000000000000000000000000000000000000000000
4,0,0,5555555555555555555555555555555555555555555555555555555555555555,x,1,0000000000000000000000000000000000000000000000000000000000000000
5,0,0,5555555555555555555555555555555555555555555555555555555555555555,x,1,0000000000000000000000000000000000000000000000000000000000000000
6,0,0,5555555555555555555555555555555555555555555555555555555555555555,x,1,0000000000000000000000000000000000000000000000000000000000000000
7,0,0,5555555555555555555555555555555555555555555555555555555555555555,x,1,0000000000000000000000000000000000000000000000000000000000000000
8,0,0,5555555555555555555555555555555555555555555555555555555555555555,x,1,0000000000000000000000000000000000000000000000000000000000000000
9,0,0,5555555555555555555555555555555555555555555555555555555555555555,x,1,0000000000000000000000000000000000000000000000000000000000000000
10,0,0,5555555555555555555555555555555555555555555555555555555555555555,x,1,0000000000000000000000000000000000000000000000000000000000000000
11,0,0,5555555555555555555555555555555555555555555555555555555555555555,x,1,0000000000000000000000000000000000000000000000000000000000000000
12,0,0,5555555555555555555555555555555555555555555555555555555555555555,x,1,0000000000000000000000000000000000000000000000000000000000000000
13,0,0,5555555555555555555555555555555555555555555555555555555555555555,x,1,0000000000000000000000000000000000000000000000000000000000000000
14,0,0,5555555555555555555555555555555555555555555555555555555555555555,x,1,0000000000000000000000000000000000000000000000000000000000000000
15,0,0,5555555555555555555555555555555555555555555555555555555555555555,x,1,0000000000000000000000000000000000000000000000000000000000000000
16,0,0,5555555555555555555555555555555555555555555555555555555555555555,x,1,0000000000000000000000000000000000000000000000000000000000000000
17,0,0,5555555555555555555555555555555555555555555555555555555555555555,x,1,0000000000000000000000000000000000000000000000000000000000000000
18,0,0,5555555555555555555555555555555555555555555555555555555555555555,x,1,0000000000000000000000000000000000000000000000000000000000000000
19,0,0,5555555555555555555555555555555555555555555555555555555555555555,x,1,0000000000000000000000000000000000000000000000000000000000000000
20,0,0,5555555555555555555555555555555555555555555555555555555555555555,x,1,0000000000000000000000000000000000000000000000000000000000000000
21,0,0,5555555555555555555555555555555555555555555555555555555555555555,x,1,0000000000000000000000000000000000000000000000000000000000000000
22,0,0,5555555555555555555555555555555555555555555555555555555555555555,x,1,0000000000000000000000000000000000000000000000000000000000000000
23,0,0,5555555555555555555555555555555555555555555555555555555555555555,x,1,0000000000000000000000000000000000000000000000000000000000000000
24,0,0,5555555555555555555555555555555555555555555555555555555555555555,x,1,0000000000000000000000000000000000000000000000000000000000000000
25,0,0,5555555555555555555555555555555555555555555555555555555555555555,x,1,0000000000000000000000000000000000000000000000000000000000000000
26,0,0,5555555555555555555555555555555555555555555555555555555555555555,x,1,0000000000000000000000000000000000000000000000000000000000000000
27,0,0,5555555555555555555555555555555555555555555555555555555555555555,x,1,5555555555555555555555555555555555555555555555555555555555555555
28,0,0,5555555555555555555555555555555555555555555555555555555555555555,x,1,5555555555555555555555555555555555555555555555555555555555555555
29,0,0,5555555555555555555555555555555555555555555555555555555555555555,x,1,5555555555555555555555555555555555555555555555555555555555555555
30,0,0,5555555555555555555555555555555555555555555555555555555555555555,x,1,5555555555555555555555555555555555555555555555555555555555555555
31,0,0,5555555555555555555555555555555555555555555555555555555555555555,x,1,5555555555555555555555555555555555555555555555555555555555555555
32,0,0,5555555555555555555555555555555555555555555555555555555555555555,x,1,5555555555555555555555555555555555555555555555555555555555555555
33,0,0,5555555555555555555555555555555555555555555555555555555555555555,x,1,5555555555555555555555555555555555555555555555555555555555555555
34,0,0,5555555555555555555555555555555555555555555555555555555555555555,x,1,5555555555555555555555555555555555555555555555555555555555555555
35,0,0,5555555555555555555555555555555555555555555555555555555555555555,x,1,5555555555555555555555555555555555555555555555555555555555555555
36,0,0,5555555555555555555555555555555555555555555555555555555555555555,x,1,5555555555555555555555555555555555555555555555555555555555555555
37,0,0,5555555555555555555555555555555555555555555555555555555555555555,x,1,5555555555555555555555555555555555555555555555555555555555555555
38,0,0,5555555555555555555555555555555555555555555555555555555555555555,x,1,5555555555555555555555555555555555555555555555555555555555555555
39,0,0,5555555555555555555555555555555555555555555555555555555555555555,x,1,5555555555555555555555555555555555555555555555555555555555555555
40,0,0,5555555555555555555555555555555555555555555555555555555555555555,x,1,5555555555555555555555555555555555555555555555555555555555555555
41,0,0,5555555555555555555555555555555555555555555555555555555555555555,x,1,5555555555555555555555555555555555555555555555555555555555555555
42,0,0,5555555555555555555555555555555555555555555555555555555555555555,x,1,5555555555555555555555555555555555555555555555555555555555555555
43,0,0,5555555555555555555555555555555555555555555555555555555555555555,x,1,5555555555555555555555555555555555555555555555555555555555555555
44,0,0,5555555555555555555555555555555555555555555555555555555555555555,x,1,5555555555555555555555555555555555555555555555555555555555555555
45,0,0,5555555555555555555555555555555555555555555555555555555555555555,x,1,5555555555555555555555555555555555555555555555555555555555555555
46,0,0,5555555555555555555555555555555555555555555555555555555555555555,x,1,5555555555555555555555555555555555555555555555555555555555555555
47,0,0,5555555555555555555555555555555555555555555555555555555555555555,x,1,5555555555555555555555555555555555555555555555555555555555555555
48,0,0,5555555555555555555555555555555555555555555555555555555555555555,x,1,5555555555555555555555555555555555555555555555555555555555555555
49,0,0,5555555555555555555555555555555555555555555555555555555555555555,x,1,5555555555555555555555555555555555555555555555555555555555555555
50,0,0,5555555555555555555555555555555555555555555555555555555555555555,x,1,5555555555555555555555555555555555555555555555555555555555555555
51,0,0,5555555555555555555555555555555555555555555555555555555555555555,x,1,5555555555555555555555555555555555555555555555555555555555555555
52,0,0,5555555555555555555555555555555555555555555555555555555555555555,x,1,5555555555555555555555555555555555555555555555555555555555555555
53,0,0,5555555555555555555555555555555555555555555555555555555555555555,x,1,5555555555555555555555555555555555555555555555555555555555555555
54,0,0,5555555555555555555555555555555555555555555555555555555555555555,x,1,5555555555555555555555555555555555555555555555555555555555555555
55,0,0,5555555555555555555555555555555555555555555555555555555555555555,x,1,5555555555555555555555555555555555555555555555555555555555555555
56,0,0,5555555555555555555555555555555555555555555555555555555555555555,x,1,5555555555555555555555555555555555555555555555555555555555555555
57,0,0,5555555555555555555555555555555555555555555555555555555555555555,x,1,5555555555555555555555555555555555555555555555555555555555555555
58,0,0,5555555555555555555555555555555555555555555555555555555555555555,x,1,5555555555555555555555555555555555555555555555555555555555555555
59,0,0,5555555555555555555555555555555555555555555555555555555555555555,x,1,5555555555555555555555555555555555555555555555555555555555555555
60,0,0,5555555555555555555555555555555555555555555555555555555555555555,x,1,5555555555555555555555555555555555555555555555555555555555555555
61,0,0,5555555555555555555555555555555555555555555555555555555555555555,x,1,5555555555555555555555555555555555555555555555555555555555555555
62,0,0,5555555555555555555555555555555555555555555555555555555555555555,x,1,5555555555555555555555555555555555555555555555555555555555555555
63,0,0,5555555555555555555555555555555555555555555555555555555555555555,x,1,5555555555555555555555555555555555555555555555555555555555555555
64,0,0,5555555555555555555555555555555555555555555555555555555555555555,x,1,5555555555555555555555555555555555555555555555555555555555555555
65,0,0,5555555555555555555555555555555555555555555555555555555555555555,x,1,5555555555555555555555555555555555555555555555555555555555555555
66,0,0,5555555555555555555555555555555555555555555555555555555555555555,x,1,5555555555555555555555555555555555555555555555555555555555555555
67,0,0,5555555555555555555555555555555555555555555555555555555555555555,x,1,5555555555555555555555555555555555555555555555555555555555555555
68,0,0,5555555555555555555555555555555555555555555555555555555555555555,x,1,5555555555555555555555555555555555555555555555555555555555555555
69,0,0,5555555555555555555555555555555555555555555555555555555555555555,x,1,5555555555555555555555555555555555555555555555555555555555555555
70,0,0,5555555555555555555555555555555555555555555555555555555555555555,x,1,5555555555555555555555555555555555555555555555555555555555555555
71,0,0,5555555555555555555555555555555555555555555555555555555555555555,x,1,5555555555555555555555555555555555555555555555555555555555555555
72,0,0,5555555555555555555555555555555555555555555555555555555555555555,x,1,5555555555555555555555555555555555555555555555555555555555555555
73,0,0,5555555555555555555555555555555555555555555555555555555555555555,x,1,5555555555555555555555555555555555555555555555555555555555555555
74,0,0,5555555555555555555555555555555555555555555555555555555555555555,x,1,5555555555555555555555555555555555555555555555555555555555555555
75,0,0,5555555555555555555555555555555555555555555555555555555555555555,x,1,5555555555555555555555555555555555555555555555555555555555555555
76,0,0,5555555555555555555555555555555555555555555555555555555555555555,x,1,5555555555555555555555555555555555555555555555555555555555555555
77,0,0,5555555555555555555555555555555555555555555555555555555555555555,x,1,5555555555555555555555555555555555555555555555555555555555555555
78,0,0,5555555555555555555555555555555555555555555555555555555555555555,x,1,5555555555555555555555555555555555555555555555555555555555555555
79,0,0,5555555555555555555555555555555555555555555555555555555555555555,x,1,5555555555555555555555555555555555555555555555555555555555555555
80,0,0,5555555555555555555555555555555555555555555555555555555555555555,x,1,5555555555555555555555555555555555555555555555555555555555555555
81,0,0,5555555555555555555555555555555555555555555555555555555555555555,x,1,5555555555555555555555555555555555555555555555555555555555555555
82,0,0,5555555555555555555555555555555555555555555555555555555555555555,x,1,5555555555555555555555555555555555555555555555555555555555555555
83,0,0,5555555555555555555555555555555555555555555555555555555555555555,x,1,5555555555555555555555555555555555555555555555555555555555555555
84,0,0,5555555555555555555555555555555555555555555555555555555555555555,x,1,5555555555555555555555555555555555555555555555555555555555555555
85,0,0,5555555555555555555555555555555555555555555555555555555555555555,x,1,5555555555555555555555555555555555555555555555555555555555555555
86,0,0,5555555555555555555555555555555555555555555555555555555555555555,x,1,5555555555555555555555555555555555555555555555555555555555555555
87,0,0,5555555555555555555555555555555555555555555555555555555555555555,x,1,5555555555555555555555555555555555555555555555555555555555555555
88,0,0,5555555555555555555555555555555555555555555555555555555555555555,x,1,5555555555555555555555555555555555555555555555555555555555555555
89,0,0,5555555555555555555555555555555555555555555555555555555555555555,x,1,5555555555555555555555555555555555555555555555555555555555555555
90,0,0,5555555555555555555555555555555555555555555555555555555555555555,x,1,5555555555555555555555555555555555555555555555555555555555555555
91,0,0,5555555555555555555555555555555555555555555555555555555555555555,x,1,5555555555555555555555555555555555555555555555555555555555555555
92,0,0,5555555555555555555555555555555555555555555555555555555555555555,x,1,5555555555555555555555555555555555555555555555555555555555555555
93,0,0,5555555555555555555555555555555555555555555555555555555555555555,x,1,5555555555555555555555555555555555555555555555555555555555555555
94,0,0,5555555555555555555555555555555555555555555555555555555555555555,x,1,5555555555555555555555555555555555555555555555555555555555555555
95,0,0,5555555555555555555555555555555555555555555555555555555555555555,x,1,5555555555555555555555555555555555555555555555555555555555555555
96,0,0,5555555555555555555555555555555555555555555555555555555555555555,x,1,5555555555555555555555555555555555555555555555555555555555555555
97,0,0,5555555555555555555555555555555555555555555555555555555555555555,x,1,5555555555555555555555555555555555555555555555555555555555555555
98,0,0,5555555555555555555555555555555555555555555555555555555555555555,x,1,5555555555555555555555555555555555555555555555555555555555555555
99,0,0,5555555555555555555555555555555555555555555555555555555555555555,x,1,5555555555555555555555555555555555555555555555555555555555555555
